structure,pcc,model,seed
C=C1C(=O)OC2C1C(OC(=O)C=C(C)C)CC1=CC(CC3(C)OC23)OC1=O,0.6312347276782323,Ridge,42
C=C1C(=O)O[C@@H]2C3O[C@@]3(C)CCC=C(C)CC[C@@H]12,0.465371272604933,Ridge,42
CC(=O)Nc1cccc(-n2c(=O)n(C3CC3)c(=O)c3c(Nc4ccc(I)cc4F)n(C)c(=O)c(C)c32)c1,0.0079003908678338,Ridge,42
CC(=O)c1c(C)c2cnc(Nc3ccc(N4CCNCC4)cn3)nc2n(C2CCCC2)c1=O,0.3665507438455408,Ridge,42
CC(C)CC(=O)Nc1n[nH]c2c1CN(C(=O)C1CCN(C)CC1)C2(C)C,0.6126534524700816,Ridge,42
CC(C)C[C@@H](NC(=O)[C@@H](Cc1ccccc1)NC(=O)C1=CNC=CN1)B(O)O,0.3956667714343793,Ridge,42
CC(C)Nc1cc(-c2c[nH]c(C(=O)NC(CO)c3cccc(Cl)c3)c2)c(Cl)cn1,0.3616461234685488,Ridge,42
CC(c1ccc2nccn2c1)n1nnc2ncc(-c3cnn(C)c3)nc21,0.3944096736110136,Ridge,42
CCCC=CC=CC(=O)OC1C(=CC(=O)OC)CC2CC(C(C)O)OC(=O)CC(O)CC3CC(OC(C)=O)C(C)(C)C(O)(CC4CC(=CC(=O)OC)CC(C=CC(C)(C)C1(O)O2)O4)O3,0.3080693084714943,Ridge,42
CCCCC(C=O)NC(=O)C(CC(C)C)NC(=O)C(CC(C)C)NC(=O)OCc1ccccc1,0.451466935259543,Ridge,42
CCCCCCCCc1ccc(CCC(N)(CO)CO)cc1.Cl,0.3714548853603492,Ridge,42
CCNC(=O)Nc1ncc(-c2cc(-c3c(C)cc(OC)cc3C)nc(-c3cnccn3)n2)s1,0.3912952915829372,Ridge,42
CN(C)CC=CC(=O)Nc1cccc(C(=O)Nc2cccc(Nc3nccc(-c4cccnc4)n3)c2)c1,0.3237224324372523,Ridge,42
CN1CCC(c2c(O)cc(O)c3c(=O)cc(-c4ccccc4Cl)oc23)C(O)C1,0.5383259400683211,Ridge,42
CNC(=O)CN1CCC(Oc2cc3c(Nc4cccc(Cl)c4F)ncnc3cc2OC)CC1,0.1234748401617219,Ridge,42
CNC(C)C(=O)NC(C(=O)N1CCCC1C(=O)NC1c2ccccc2CC1OCC#CC#CCOC1Cc2ccccc2C1NC(=O)C1CCCN1C(=O)C(NC(=O)C(C)NC)C1CCCCC1)C1CCCCC1,0.3437514131887232,Ridge,42
COC(=O)CNC(=O)C(=O)OC,0.3272775582363029,Ridge,42
COCCn1c2c([n+](Cc3cnccn3)c1C)C(=O)c1ccccc1C2=O.[Br-],0.2383622265251723,Ridge,42
COc1cc(/C=C/C(=O)N2CCC=CC2=O)cc(OC)c1OC,0.3951894040266986,Ridge,42
COc1cc([C@@H]2c3cc4c(cc3C(O[C@@H]3O[C@@H]5CO[C@@H](c6cccs6)OC5[C@H](O)[C@H]3O)C3COC(=O)[C@@H]32)OCO4)cc(OC)c1O,0.6939211831938975,Ridge,42
COc1cc2ncnc(Nc3cccc(Cl)c3F)c2cc1OC(=O)N1CCN(C)CC1C,0.3198707166113166,Ridge,42
COc1nc(N)nc2c1ncn2[C@@H]1O[C@H](CO)[C@@H](O)[C@@H]1O,0.6473934082368001,Ridge,42
CS(=O)(=O)c1ccc(-c2cnc(N)c(C(=O)Nc3ccccc3)n2)cc1,0.6085207122432278,Ridge,42
C[C@@]1(C(=O)Nc2ccc(F)nc2)CCCN1c1nc(Nc2cc(C3CC3)n[nH]2)c2cccn2n1,0.3565598436535636,Ridge,42
Cc1cc(N2CC(C)NC(C)C2)ncc1-c1ccc(-c2nc3c(ccn3C)c(=O)[nH]2)cc1,0.5093161399219425,Ridge,42
Cc1cc(Nc2cc(N3CCN(C)CC3)nc(Sc3ccc(NC(=O)C4CC4)cc3)n2)n[nH]1,0.5969255121651238,Ridge,42
Cc1cc(Nc2nc(N[C@@H](C)c3ccc(F)cc3)c(C#N)cc2F)n[nH]1,0.617361833957327,Ridge,42
Cc1ccc(C(=O)Nc2cccc(C(F)(F)F)c2)cc1Nc1nc(-c2cccnc2)nc2c1cnn2C,0.5342784647144014,Ridge,42
Cc1ccc(Nc2nccc(N(C)c3ccc4c(C)n(C)nc4c3)n2)cc1S(N)(=O)=O,0.2649236389579306,Ridge,42
Cc1ccc2nc(NC(=O)CSc3nc4c(c(=O)n3-c3ccccc3)SCC4)sc2c1,0.5933997497810671,Ridge,42
Cc1ncc(-c2ccnc(Nc3ccc(S(C)(=O)=O)cc3)n2)n1C(C)C,0.4073077074831966,Ridge,42
Cc1sc2c(c1C)C(c1ccc(Cl)cc1)=NC(CC(=O)OC(C)(C)C)c1nnc(C)n1-2,0.4200472126716187,Ridge,42
Cn1cncc1[C@](N)(c1ccc(Cl)cc1)c1ccc2c(c1)c(-c1cccc(Cl)c1)cc(=O)n2C,0.3983341138822852,Ridge,42
NC(=O)Nc1sc(-c2ccc(F)cc2)cc1C(N)=O,0.6112488854794889,Ridge,42
NCC(O)(c1ccc(Cl)cc1)c1ccc(-c2cn[nH]c2)cc1,0.5147045503412022,Ridge,42
NCCOc1cc(C(=O)Nc2cc(OCCN)c3ccccc3n2)nc(C(=O)Nc2cc(OCCN)c3ccccc3n2)c1,0.5508603891585967,Ridge,42
Nc1cccc(-c2cc3c(Oc4cccc(O)c4)ncnc3[nH]2)c1,0.4051383138096392,Ridge,42
O=C(CCCCCCNC(=O)c1cnc(N(c2ccccc2)c2ccccc2)nc1)NO,0.4989672748346155,Ridge,42
O=C(NCC(O)CN1CCc2ccccc2C1)c1ccnc(NC2CCC2)c1,0.5232293772544379,Ridge,42
O=C1NC(=O)C(=Cc2ccc3nccnc3c2)S1,0.3899609209743237,Ridge,42
Oc1c(F)cc(-c2cnccc2-c2ccc(N3CCOCC3)cc2)cc1F,0.5287543693106901,Ridge,42
C=C1C(=O)OC2C1C(OC(=O)C=C(C)C)CC1=CC(CC3(C)OC23)OC1=O,0.5555276370577701,Random Forest,42
C=C1C(=O)O[C@@H]2C3O[C@@]3(C)CCC=C(C)CC[C@@H]12,0.5011914494832114,Random Forest,42
CC(=O)Nc1cccc(-n2c(=O)n(C3CC3)c(=O)c3c(Nc4ccc(I)cc4F)n(C)c(=O)c(C)c32)c1,0.1848868128690652,Random Forest,42
CC(=O)c1c(C)c2cnc(Nc3ccc(N4CCNCC4)cn3)nc2n(C2CCCC2)c1=O,0.3590620676678837,Random Forest,42
CC(C)CC(=O)Nc1n[nH]c2c1CN(C(=O)C1CCN(C)CC1)C2(C)C,0.6624488632252086,Random Forest,42
CC(C)C[C@@H](NC(=O)[C@@H](Cc1ccccc1)NC(=O)C1=CNC=CN1)B(O)O,0.4299185164942092,Random Forest,42
CC(C)Nc1cc(-c2c[nH]c(C(=O)NC(CO)c3cccc(Cl)c3)c2)c(Cl)cn1,0.5071906810269555,Random Forest,42
CC(c1ccc2nccn2c1)n1nnc2ncc(-c3cnn(C)c3)nc21,0.427291929022649,Random Forest,42
CCCC=CC=CC(=O)OC1C(=CC(=O)OC)CC2CC(C(C)O)OC(=O)CC(O)CC3CC(OC(C)=O)C(C)(C)C(O)(CC4CC(=CC(=O)OC)CC(C=CC(C)(C)C1(O)O2)O4)O3,0.3607104184804943,Random Forest,42
CCCCC(C=O)NC(=O)C(CC(C)C)NC(=O)C(CC(C)C)NC(=O)OCc1ccccc1,0.6704403325012811,Random Forest,42
CCCCCCCCc1ccc(CCC(N)(CO)CO)cc1.Cl,0.4002758880263855,Random Forest,42
CCNC(=O)Nc1ncc(-c2cc(-c3c(C)cc(OC)cc3C)nc(-c3cnccn3)n2)s1,0.3812279989606351,Random Forest,42
CN(C)CC=CC(=O)Nc1cccc(C(=O)Nc2cccc(Nc3nccc(-c4cccnc4)n3)c2)c1,0.4207012436685247,Random Forest,42
CN1CCC(c2c(O)cc(O)c3c(=O)cc(-c4ccccc4Cl)oc23)C(O)C1,0.5404062689878231,Random Forest,42
CNC(=O)CN1CCC(Oc2cc3c(Nc4cccc(Cl)c4F)ncnc3cc2OC)CC1,0.203772095038517,Random Forest,42
CNC(C)C(=O)NC(C(=O)N1CCCC1C(=O)NC1c2ccccc2CC1OCC#CC#CCOC1Cc2ccccc2C1NC(=O)C1CCCN1C(=O)C(NC(=O)C(C)NC)C1CCCCC1)C1CCCCC1,0.4071733871195623,Random Forest,42
COC(=O)CNC(=O)C(=O)OC,0.3246223423631078,Random Forest,42
COCCn1c2c([n+](Cc3cnccn3)c1C)C(=O)c1ccccc1C2=O.[Br-],0.205812894060188,Random Forest,42
COc1cc(/C=C/C(=O)N2CCC=CC2=O)cc(OC)c1OC,0.3055548924016487,Random Forest,42
COc1cc([C@@H]2c3cc4c(cc3C(O[C@@H]3O[C@@H]5CO[C@@H](c6cccs6)OC5[C@H](O)[C@H]3O)C3COC(=O)[C@@H]32)OCO4)cc(OC)c1O,0.7024130984989615,Random Forest,42
COc1cc2ncnc(Nc3cccc(Cl)c3F)c2cc1OC(=O)N1CCN(C)CC1C,0.3370976461190159,Random Forest,42
COc1nc(N)nc2c1ncn2[C@@H]1O[C@H](CO)[C@@H](O)[C@@H]1O,0.7937420701139472,Random Forest,42
CS(=O)(=O)c1ccc(-c2cnc(N)c(C(=O)Nc3ccccc3)n2)cc1,0.687501879981007,Random Forest,42
C[C@@]1(C(=O)Nc2ccc(F)nc2)CCCN1c1nc(Nc2cc(C3CC3)n[nH]2)c2cccn2n1,0.3828223698894464,Random Forest,42
Cc1cc(N2CC(C)NC(C)C2)ncc1-c1ccc(-c2nc3c(ccn3C)c(=O)[nH]2)cc1,0.5093131294275052,Random Forest,42
Cc1cc(Nc2cc(N3CCN(C)CC3)nc(Sc3ccc(NC(=O)C4CC4)cc3)n2)n[nH]1,0.4661072135114565,Random Forest,42
Cc1cc(Nc2nc(N[C@@H](C)c3ccc(F)cc3)c(C#N)cc2F)n[nH]1,0.6643880041422459,Random Forest,42
Cc1ccc(C(=O)Nc2cccc(C(F)(F)F)c2)cc1Nc1nc(-c2cccnc2)nc2c1cnn2C,0.7576822432148596,Random Forest,42
Cc1ccc(Nc2nccc(N(C)c3ccc4c(C)n(C)nc4c3)n2)cc1S(N)(=O)=O,0.3060290446928967,Random Forest,42
Cc1ccc2nc(NC(=O)CSc3nc4c(c(=O)n3-c3ccccc3)SCC4)sc2c1,0.6416408716041756,Random Forest,42
Cc1ncc(-c2ccnc(Nc3ccc(S(C)(=O)=O)cc3)n2)n1C(C)C,0.28071927555026,Random Forest,42
Cc1sc2c(c1C)C(c1ccc(Cl)cc1)=NC(CC(=O)OC(C)(C)C)c1nnc(C)n1-2,0.4338610790039751,Random Forest,42
Cn1cncc1[C@](N)(c1ccc(Cl)cc1)c1ccc2c(c1)c(-c1cccc(Cl)c1)cc(=O)n2C,0.3859115903999602,Random Forest,42
NC(=O)Nc1sc(-c2ccc(F)cc2)cc1C(N)=O,0.6136106194555723,Random Forest,42
NCC(O)(c1ccc(Cl)cc1)c1ccc(-c2cn[nH]c2)cc1,0.5380153592348252,Random Forest,42
NCCOc1cc(C(=O)Nc2cc(OCCN)c3ccccc3n2)nc(C(=O)Nc2cc(OCCN)c3ccccc3n2)c1,0.5499210806641466,Random Forest,42
Nc1cccc(-c2cc3c(Oc4cccc(O)c4)ncnc3[nH]2)c1,0.4582941916437789,Random Forest,42
O=C(CCCCCCNC(=O)c1cnc(N(c2ccccc2)c2ccccc2)nc1)NO,0.6099581959953599,Random Forest,42
O=C(NCC(O)CN1CCc2ccccc2C1)c1ccnc(NC2CCC2)c1,0.511696336196794,Random Forest,42
O=C1NC(=O)C(=Cc2ccc3nccnc3c2)S1,0.3995351797118224,Random Forest,42
Oc1c(F)cc(-c2cnccc2-c2ccc(N3CCOCC3)cc2)cc1F,0.5717178475497762,Random Forest,42
C=C1C(=O)OC2C1C(OC(=O)C=C(C)C)CC1=CC(CC3(C)OC23)OC1=O,0.6235654913277574,XGBoost,42
C=C1C(=O)O[C@@H]2C3O[C@@]3(C)CCC=C(C)CC[C@@H]12,0.4355994714700392,XGBoost,42
CC(=O)Nc1cccc(-n2c(=O)n(C3CC3)c(=O)c3c(Nc4ccc(I)cc4F)n(C)c(=O)c(C)c32)c1,0.035479801343861,XGBoost,42
CC(=O)c1c(C)c2cnc(Nc3ccc(N4CCNCC4)cn3)nc2n(C2CCCC2)c1=O,0.3238177505222405,XGBoost,42
CC(C)CC(=O)Nc1n[nH]c2c1CN(C(=O)C1CCN(C)CC1)C2(C)C,0.6533981771220269,XGBoost,42
CC(C)C[C@@H](NC(=O)[C@@H](Cc1ccccc1)NC(=O)C1=CNC=CN1)B(O)O,0.3800874975416119,XGBoost,42
CC(C)Nc1cc(-c2c[nH]c(C(=O)NC(CO)c3cccc(Cl)c3)c2)c(Cl)cn1,0.4184852665337539,XGBoost,42
CC(c1ccc2nccn2c1)n1nnc2ncc(-c3cnn(C)c3)nc21,0.3985850463822516,XGBoost,42
CCCC=CC=CC(=O)OC1C(=CC(=O)OC)CC2CC(C(C)O)OC(=O)CC(O)CC3CC(OC(C)=O)C(C)(C)C(O)(CC4CC(=CC(=O)OC)CC(C=CC(C)(C)C1(O)O2)O4)O3,0.3275935786517815,XGBoost,42
CCCCC(C=O)NC(=O)C(CC(C)C)NC(=O)C(CC(C)C)NC(=O)OCc1ccccc1,0.4149302317530642,XGBoost,42
CCCCCCCCc1ccc(CCC(N)(CO)CO)cc1.Cl,0.385566839846426,XGBoost,42
CCNC(=O)Nc1ncc(-c2cc(-c3c(C)cc(OC)cc3C)nc(-c3cnccn3)n2)s1,0.3430022366210649,XGBoost,42
CN(C)CC=CC(=O)Nc1cccc(C(=O)Nc2cccc(Nc3nccc(-c4cccnc4)n3)c2)c1,0.2758104214055834,XGBoost,42
CN1CCC(c2c(O)cc(O)c3c(=O)cc(-c4ccccc4Cl)oc23)C(O)C1,0.5088808499372278,XGBoost,42
CNC(=O)CN1CCC(Oc2cc3c(Nc4cccc(Cl)c4F)ncnc3cc2OC)CC1,0.0555763292746687,XGBoost,42
CNC(C)C(=O)NC(C(=O)N1CCCC1C(=O)NC1c2ccccc2CC1OCC#CC#CCOC1Cc2ccccc2C1NC(=O)C1CCCN1C(=O)C(NC(=O)C(C)NC)C1CCCCC1)C1CCCCC1,0.3549377230775357,XGBoost,42
COC(=O)CNC(=O)C(=O)OC,0.3290584791880288,XGBoost,42
COCCn1c2c([n+](Cc3cnccn3)c1C)C(=O)c1ccccc1C2=O.[Br-],0.2280431213467323,XGBoost,42
COc1cc(/C=C/C(=O)N2CCC=CC2=O)cc(OC)c1OC,0.3126161146060923,XGBoost,42
COc1cc([C@@H]2c3cc4c(cc3C(O[C@@H]3O[C@@H]5CO[C@@H](c6cccs6)OC5[C@H](O)[C@H]3O)C3COC(=O)[C@@H]32)OCO4)cc(OC)c1O,0.7260671832455556,XGBoost,42
COc1cc2ncnc(Nc3cccc(Cl)c3F)c2cc1OC(=O)N1CCN(C)CC1C,0.2653022175099077,XGBoost,42
COc1nc(N)nc2c1ncn2[C@@H]1O[C@H](CO)[C@@H](O)[C@@H]1O,0.7476871551685836,XGBoost,42
CS(=O)(=O)c1ccc(-c2cnc(N)c(C(=O)Nc3ccccc3)n2)cc1,0.664354764713147,XGBoost,42
C[C@@]1(C(=O)Nc2ccc(F)nc2)CCCN1c1nc(Nc2cc(C3CC3)n[nH]2)c2cccn2n1,0.3229423933944729,XGBoost,42
Cc1cc(N2CC(C)NC(C)C2)ncc1-c1ccc(-c2nc3c(ccn3C)c(=O)[nH]2)cc1,0.4803463627937717,XGBoost,42
Cc1cc(Nc2cc(N3CCN(C)CC3)nc(Sc3ccc(NC(=O)C4CC4)cc3)n2)n[nH]1,0.560836901645568,XGBoost,42
Cc1cc(Nc2nc(N[C@@H](C)c3ccc(F)cc3)c(C#N)cc2F)n[nH]1,0.6384231966179348,XGBoost,42
Cc1ccc(C(=O)Nc2cccc(C(F)(F)F)c2)cc1Nc1nc(-c2cccnc2)nc2c1cnn2C,0.6089569179575246,XGBoost,42
Cc1ccc(Nc2nccc(N(C)c3ccc4c(C)n(C)nc4c3)n2)cc1S(N)(=O)=O,0.2268832892186426,XGBoost,42
Cc1ccc2nc(NC(=O)CSc3nc4c(c(=O)n3-c3ccccc3)SCC4)sc2c1,0.6679732862516926,XGBoost,42
Cc1ncc(-c2ccnc(Nc3ccc(S(C)(=O)=O)cc3)n2)n1C(C)C,0.2080633246294815,XGBoost,42
Cc1sc2c(c1C)C(c1ccc(Cl)cc1)=NC(CC(=O)OC(C)(C)C)c1nnc(C)n1-2,0.4395178792752671,XGBoost,42
Cn1cncc1[C@](N)(c1ccc(Cl)cc1)c1ccc2c(c1)c(-c1cccc(Cl)c1)cc(=O)n2C,0.3401167250230034,XGBoost,42
NC(=O)Nc1sc(-c2ccc(F)cc2)cc1C(N)=O,0.6150384780929173,XGBoost,42
NCC(O)(c1ccc(Cl)cc1)c1ccc(-c2cn[nH]c2)cc1,0.5038656622154558,XGBoost,42
NCCOc1cc(C(=O)Nc2cc(OCCN)c3ccccc3n2)nc(C(=O)Nc2cc(OCCN)c3ccccc3n2)c1,0.590807907206146,XGBoost,42
Nc1cccc(-c2cc3c(Oc4cccc(O)c4)ncnc3[nH]2)c1,0.3243004868339283,XGBoost,42
O=C(CCCCCCNC(=O)c1cnc(N(c2ccccc2)c2ccccc2)nc1)NO,0.5327699215126603,XGBoost,42
O=C(NCC(O)CN1CCc2ccccc2C1)c1ccnc(NC2CCC2)c1,0.5405556750539905,XGBoost,42
O=C1NC(=O)C(=Cc2ccc3nccnc3c2)S1,0.4171382794818953,XGBoost,42
Oc1c(F)cc(-c2cnccc2-c2ccc(N3CCOCC3)cc2)cc1F,0.5767205354876843,XGBoost,42
C=C1C(=O)OC2C1C(OC(=O)C=C(C)C)CC1=CC(CC3(C)OC23)OC1=O,0.7106302686005418,Global MLP,42
C=C1C(=O)O[C@@H]2C3O[C@@]3(C)CCC=C(C)CC[C@@H]12,0.4002935047070317,Global MLP,42
CC(=O)Nc1cccc(-n2c(=O)n(C3CC3)c(=O)c3c(Nc4ccc(I)cc4F)n(C)c(=O)c(C)c32)c1,0.5014829767287945,Global MLP,42
CC(=O)c1c(C)c2cnc(Nc3ccc(N4CCNCC4)cn3)nc2n(C2CCCC2)c1=O,0.3257528293402513,Global MLP,42
CC(C)CC(=O)Nc1n[nH]c2c1CN(C(=O)C1CCN(C)CC1)C2(C)C,0.6013128020513789,Global MLP,42
CC(C)C[C@@H](NC(=O)[C@@H](Cc1ccccc1)NC(=O)C1=CNC=CN1)B(O)O,0.4461778590498335,Global MLP,42
CC(C)Nc1cc(-c2c[nH]c(C(=O)NC(CO)c3cccc(Cl)c3)c2)c(Cl)cn1,0.4683831920063679,Global MLP,42
CC(c1ccc2nccn2c1)n1nnc2ncc(-c3cnn(C)c3)nc21,0.3817374219812395,Global MLP,42
CCCC=CC=CC(=O)OC1C(=CC(=O)OC)CC2CC(C(C)O)OC(=O)CC(O)CC3CC(OC(C)=O)C(C)(C)C(O)(CC4CC(=CC(=O)OC)CC(C=CC(C)(C)C1(O)O2)O4)O3,0.2440926197968846,Global MLP,42
CCCCC(C=O)NC(=O)C(CC(C)C)NC(=O)C(CC(C)C)NC(=O)OCc1ccccc1,0.681301761707225,Global MLP,42
CCCCCCCCc1ccc(CCC(N)(CO)CO)cc1.Cl,0.3809739126724881,Global MLP,42
CCNC(=O)Nc1ncc(-c2cc(-c3c(C)cc(OC)cc3C)nc(-c3cnccn3)n2)s1,0.3928021499025661,Global MLP,42
CN(C)CC=CC(=O)Nc1cccc(C(=O)Nc2cccc(Nc3nccc(-c4cccnc4)n3)c2)c1,0.4884547290401367,Global MLP,42
CN1CCC(c2c(O)cc(O)c3c(=O)cc(-c4ccccc4Cl)oc23)C(O)C1,0.3793399782711598,Global MLP,42
CNC(=O)CN1CCC(Oc2cc3c(Nc4cccc(Cl)c4F)ncnc3cc2OC)CC1,0.366469387411326,Global MLP,42
CNC(C)C(=O)NC(C(=O)N1CCCC1C(=O)NC1c2ccccc2CC1OCC#CC#CCOC1Cc2ccccc2C1NC(=O)C1CCCN1C(=O)C(NC(=O)C(C)NC)C1CCCCC1)C1CCCCC1,0.4064262221937188,Global MLP,42
COC(=O)CNC(=O)C(=O)OC,0.205149762252017,Global MLP,42
COCCn1c2c([n+](Cc3cnccn3)c1C)C(=O)c1ccccc1C2=O.[Br-],0.193355629325444,Global MLP,42
COc1cc(/C=C/C(=O)N2CCC=CC2=O)cc(OC)c1OC,0.3317755876608289,Global MLP,42
COc1cc([C@@H]2c3cc4c(cc3C(O[C@@H]3O[C@@H]5CO[C@@H](c6cccs6)OC5[C@H](O)[C@H]3O)C3COC(=O)[C@@H]32)OCO4)cc(OC)c1O,0.5585662672733839,Global MLP,42
COc1cc2ncnc(Nc3cccc(Cl)c3F)c2cc1OC(=O)N1CCN(C)CC1C,0.3635413786354858,Global MLP,42
COc1nc(N)nc2c1ncn2[C@@H]1O[C@H](CO)[C@@H](O)[C@@H]1O,0.7979028913043722,Global MLP,42
CS(=O)(=O)c1ccc(-c2cnc(N)c(C(=O)Nc3ccccc3)n2)cc1,0.7294514069744533,Global MLP,42
C[C@@]1(C(=O)Nc2ccc(F)nc2)CCCN1c1nc(Nc2cc(C3CC3)n[nH]2)c2cccn2n1,0.2576738991001603,Global MLP,42
Cc1cc(N2CC(C)NC(C)C2)ncc1-c1ccc(-c2nc3c(ccn3C)c(=O)[nH]2)cc1,0.53480110844767,Global MLP,42
Cc1cc(Nc2cc(N3CCN(C)CC3)nc(Sc3ccc(NC(=O)C4CC4)cc3)n2)n[nH]1,0.5375848062965578,Global MLP,42
Cc1cc(Nc2nc(N[C@@H](C)c3ccc(F)cc3)c(C#N)cc2F)n[nH]1,0.5326268798173958,Global MLP,42
Cc1ccc(C(=O)Nc2cccc(C(F)(F)F)c2)cc1Nc1nc(-c2cccnc2)nc2c1cnn2C,0.7096506912104225,Global MLP,42
Cc1ccc(Nc2nccc(N(C)c3ccc4c(C)n(C)nc4c3)n2)cc1S(N)(=O)=O,0.3709638348817613,Global MLP,42
Cc1ccc2nc(NC(=O)CSc3nc4c(c(=O)n3-c3ccccc3)SCC4)sc2c1,0.5222891630977501,Global MLP,42
Cc1ncc(-c2ccnc(Nc3ccc(S(C)(=O)=O)cc3)n2)n1C(C)C,0.4533386536046619,Global MLP,42
Cc1sc2c(c1C)C(c1ccc(Cl)cc1)=NC(CC(=O)OC(C)(C)C)c1nnc(C)n1-2,0.4155849523054255,Global MLP,42
Cn1cncc1[C@](N)(c1ccc(Cl)cc1)c1ccc2c(c1)c(-c1cccc(Cl)c1)cc(=O)n2C,0.3305748781869209,Global MLP,42
NC(=O)Nc1sc(-c2ccc(F)cc2)cc1C(N)=O,0.5929700505714395,Global MLP,42
NCC(O)(c1ccc(Cl)cc1)c1ccc(-c2cn[nH]c2)cc1,0.5257741924447671,Global MLP,42
NCCOc1cc(C(=O)Nc2cc(OCCN)c3ccccc3n2)nc(C(=O)Nc2cc(OCCN)c3ccccc3n2)c1,0.5432166165979051,Global MLP,42
Nc1cccc(-c2cc3c(Oc4cccc(O)c4)ncnc3[nH]2)c1,0.3076014527730556,Global MLP,42
O=C(CCCCCCNC(=O)c1cnc(N(c2ccccc2)c2ccccc2)nc1)NO,0.5448218887707157,Global MLP,42
O=C(NCC(O)CN1CCc2ccccc2C1)c1ccnc(NC2CCC2)c1,0.4472460224064007,Global MLP,42
O=C1NC(=O)C(=Cc2ccc3nccnc3c2)S1,0.3081723744739975,Global MLP,42
Oc1c(F)cc(-c2cnccc2-c2ccc(N3CCOCC3)cc2)cc1F,0.5337109636264988,Global MLP,42
C=C1C(=O)OC2C1C(OC(=O)C=C(C)C)CC1=CC(CC3(C)OC23)OC1=O,0.5602369974719232,CSG2A,42
C=C1C(=O)O[C@@H]2C3O[C@@]3(C)CCC=C(C)CC[C@@H]12,0.4691738829188956,CSG2A,42
CC(=O)Nc1cccc(-n2c(=O)n(C3CC3)c(=O)c3c(Nc4ccc(I)cc4F)n(C)c(=O)c(C)c32)c1,0.822005729245138,CSG2A,42
CC(=O)c1c(C)c2cnc(Nc3ccc(N4CCNCC4)cn3)nc2n(C2CCCC2)c1=O,0.2574153021039113,CSG2A,42
CC(C)CC(=O)Nc1n[nH]c2c1CN(C(=O)C1CCN(C)CC1)C2(C)C,0.5036175732053996,CSG2A,42
CC(C)C[C@@H](NC(=O)[C@@H](Cc1ccccc1)NC(=O)C1=CNC=CN1)B(O)O,0.4449104370360948,CSG2A,42
CC(C)Nc1cc(-c2c[nH]c(C(=O)NC(CO)c3cccc(Cl)c3)c2)c(Cl)cn1,0.6244865793315907,CSG2A,42
CC(c1ccc2nccn2c1)n1nnc2ncc(-c3cnn(C)c3)nc21,0.280650863011907,CSG2A,42
CCCC=CC=CC(=O)OC1C(=CC(=O)OC)CC2CC(C(C)O)OC(=O)CC(O)CC3CC(OC(C)=O)C(C)(C)C(O)(CC4CC(=CC(=O)OC)CC(C=CC(C)(C)C1(O)O2)O4)O3,0.3439585848852968,CSG2A,42
CCCCC(C=O)NC(=O)C(CC(C)C)NC(=O)C(CC(C)C)NC(=O)OCc1ccccc1,0.6551693919198067,CSG2A,42
CCCCCCCCc1ccc(CCC(N)(CO)CO)cc1.Cl,0.3568597551905765,CSG2A,42
CCNC(=O)Nc1ncc(-c2cc(-c3c(C)cc(OC)cc3C)nc(-c3cnccn3)n2)s1,0.4040463422318758,CSG2A,42
CN(C)CC=CC(=O)Nc1cccc(C(=O)Nc2cccc(Nc3nccc(-c4cccnc4)n3)c2)c1,0.3903343450478961,CSG2A,42
CN1CCC(c2c(O)cc(O)c3c(=O)cc(-c4ccccc4Cl)oc23)C(O)C1,0.4595526088574361,CSG2A,42
CNC(=O)CN1CCC(Oc2cc3c(Nc4cccc(Cl)c4F)ncnc3cc2OC)CC1,0.2502317089670484,CSG2A,42
CNC(C)C(=O)NC(C(=O)N1CCCC1C(=O)NC1c2ccccc2CC1OCC#CC#CCOC1Cc2ccccc2C1NC(=O)C1CCCN1C(=O)C(NC(=O)C(C)NC)C1CCCCC1)C1CCCCC1,0.2832669348396057,CSG2A,42
COC(=O)CNC(=O)C(=O)OC,0.3360884170258303,CSG2A,42
COCCn1c2c([n+](Cc3cnccn3)c1C)C(=O)c1ccccc1C2=O.[Br-],0.2342591981385307,CSG2A,42
COc1cc(/C=C/C(=O)N2CCC=CC2=O)cc(OC)c1OC,0.3317484388383277,CSG2A,42
COc1cc([C@@H]2c3cc4c(cc3C(O[C@@H]3O[C@@H]5CO[C@@H](c6cccs6)OC5[C@H](O)[C@H]3O)C3COC(=O)[C@@H]32)OCO4)cc(OC)c1O,0.6733891943267117,CSG2A,42
COc1cc2ncnc(Nc3cccc(Cl)c3F)c2cc1OC(=O)N1CCN(C)CC1C,0.4039153395930219,CSG2A,42
COc1nc(N)nc2c1ncn2[C@@H]1O[C@H](CO)[C@@H](O)[C@@H]1O,0.7271166415622043,CSG2A,42
CS(=O)(=O)c1ccc(-c2cnc(N)c(C(=O)Nc3ccccc3)n2)cc1,0.5138873371047505,CSG2A,42
C[C@@]1(C(=O)Nc2ccc(F)nc2)CCCN1c1nc(Nc2cc(C3CC3)n[nH]2)c2cccn2n1,0.4022530727725211,CSG2A,42
Cc1cc(N2CC(C)NC(C)C2)ncc1-c1ccc(-c2nc3c(ccn3C)c(=O)[nH]2)cc1,0.5377287474507847,CSG2A,42
Cc1cc(Nc2cc(N3CCN(C)CC3)nc(Sc3ccc(NC(=O)C4CC4)cc3)n2)n[nH]1,0.5158449857891855,CSG2A,42
Cc1cc(Nc2nc(N[C@@H](C)c3ccc(F)cc3)c(C#N)cc2F)n[nH]1,0.4181062102233839,CSG2A,42
Cc1ccc(C(=O)Nc2cccc(C(F)(F)F)c2)cc1Nc1nc(-c2cccnc2)nc2c1cnn2C,0.6298356227866961,CSG2A,42
Cc1ccc(Nc2nccc(N(C)c3ccc4c(C)n(C)nc4c3)n2)cc1S(N)(=O)=O,0.4951241300261581,CSG2A,42
Cc1ccc2nc(NC(=O)CSc3nc4c(c(=O)n3-c3ccccc3)SCC4)sc2c1,0.6174838936867909,CSG2A,42
Cc1ncc(-c2ccnc(Nc3ccc(S(C)(=O)=O)cc3)n2)n1C(C)C,0.4890415678662423,CSG2A,42
Cc1sc2c(c1C)C(c1ccc(Cl)cc1)=NC(CC(=O)OC(C)(C)C)c1nnc(C)n1-2,0.4649823286239844,CSG2A,42
Cn1cncc1[C@](N)(c1ccc(Cl)cc1)c1ccc2c(c1)c(-c1cccc(Cl)c1)cc(=O)n2C,0.3406439761497262,CSG2A,42
NC(=O)Nc1sc(-c2ccc(F)cc2)cc1C(N)=O,0.6747313356284208,CSG2A,42
NCC(O)(c1ccc(Cl)cc1)c1ccc(-c2cn[nH]c2)cc1,0.3611564827352651,CSG2A,42
NCCOc1cc(C(=O)Nc2cc(OCCN)c3ccccc3n2)nc(C(=O)Nc2cc(OCCN)c3ccccc3n2)c1,0.5138983701863665,CSG2A,42
Nc1cccc(-c2cc3c(Oc4cccc(O)c4)ncnc3[nH]2)c1,0.4606169381623738,CSG2A,42
O=C(CCCCCCNC(=O)c1cnc(N(c2ccccc2)c2ccccc2)nc1)NO,0.571845564441115,CSG2A,42
O=C(NCC(O)CN1CCc2ccccc2C1)c1ccnc(NC2CCC2)c1,0.5060906037875834,CSG2A,42
O=C1NC(=O)C(=Cc2ccc3nccnc3c2)S1,0.3885364842854127,CSG2A,42
Oc1c(F)cc(-c2cnccc2-c2ccc(N3CCOCC3)cc2)cc1F,0.4207060997016422,CSG2A,42
C=C1C(=O)OC2C1C(OC(=O)C=C(C)C)CC1=CC(CC3(C)OC23)OC1=O,0.5706732104940759,DRT scratch,42
C=C1C(=O)O[C@@H]2C3O[C@@]3(C)CCC=C(C)CC[C@@H]12,0.318657611252054,DRT scratch,42
CC(=O)Nc1cccc(-n2c(=O)n(C3CC3)c(=O)c3c(Nc4ccc(I)cc4F)n(C)c(=O)c(C)c32)c1,0.1065258890559506,DRT scratch,42
CC(=O)c1c(C)c2cnc(Nc3ccc(N4CCNCC4)cn3)nc2n(C2CCCC2)c1=O,0.3250557402778329,DRT scratch,42
CC(C)CC(=O)Nc1n[nH]c2c1CN(C(=O)C1CCN(C)CC1)C2(C)C,0.6625207943800359,DRT scratch,42
CC(C)C[C@@H](NC(=O)[C@@H](Cc1ccccc1)NC(=O)C1=CNC=CN1)B(O)O,0.4261692446575684,DRT scratch,42
CC(C)Nc1cc(-c2c[nH]c(C(=O)NC(CO)c3cccc(Cl)c3)c2)c(Cl)cn1,0.3881624548733441,DRT scratch,42
CC(c1ccc2nccn2c1)n1nnc2ncc(-c3cnn(C)c3)nc21,0.3898325823070201,DRT scratch,42
CCCC=CC=CC(=O)OC1C(=CC(=O)OC)CC2CC(C(C)O)OC(=O)CC(O)CC3CC(OC(C)=O)C(C)(C)C(O)(CC4CC(=CC(=O)OC)CC(C=CC(C)(C)C1(O)O2)O4)O3,0.3312734136798292,DRT scratch,42
CCCCC(C=O)NC(=O)C(CC(C)C)NC(=O)C(CC(C)C)NC(=O)OCc1ccccc1,0.4871070274828349,DRT scratch,42
CCCCCCCCc1ccc(CCC(N)(CO)CO)cc1.Cl,0.3810733273409995,DRT scratch,42
CCNC(=O)Nc1ncc(-c2cc(-c3c(C)cc(OC)cc3C)nc(-c3cnccn3)n2)s1,0.4114235401307334,DRT scratch,42
CN(C)CC=CC(=O)Nc1cccc(C(=O)Nc2cccc(Nc3nccc(-c4cccnc4)n3)c2)c1,0.2967389475864875,DRT scratch,42
CN1CCC(c2c(O)cc(O)c3c(=O)cc(-c4ccccc4Cl)oc23)C(O)C1,0.3693816308493651,DRT scratch,42
CNC(=O)CN1CCC(Oc2cc3c(Nc4cccc(Cl)c4F)ncnc3cc2OC)CC1,0.2607215940749651,DRT scratch,42
CNC(C)C(=O)NC(C(=O)N1CCCC1C(=O)NC1c2ccccc2CC1OCC#CC#CCOC1Cc2ccccc2C1NC(=O)C1CCCN1C(=O)C(NC(=O)C(C)NC)C1CCCCC1)C1CCCCC1,0.3127300734762961,DRT scratch,42
COC(=O)CNC(=O)C(=O)OC,0.2705414597600181,DRT scratch,42
COCCn1c2c([n+](Cc3cnccn3)c1C)C(=O)c1ccccc1C2=O.[Br-],0.2298640273312722,DRT scratch,42
COc1cc(/C=C/C(=O)N2CCC=CC2=O)cc(OC)c1OC,0.4251897668555385,DRT scratch,42
COc1cc([C@@H]2c3cc4c(cc3C(O[C@@H]3O[C@@H]5CO[C@@H](c6cccs6)OC5[C@H](O)[C@H]3O)C3COC(=O)[C@@H]32)OCO4)cc(OC)c1O,0.6796587070032338,DRT scratch,42
COc1cc2ncnc(Nc3cccc(Cl)c3F)c2cc1OC(=O)N1CCN(C)CC1C,0.3086063986938582,DRT scratch,42
COc1nc(N)nc2c1ncn2[C@@H]1O[C@H](CO)[C@@H](O)[C@@H]1O,0.626197998917026,DRT scratch,42
CS(=O)(=O)c1ccc(-c2cnc(N)c(C(=O)Nc3ccccc3)n2)cc1,0.6150610024503095,DRT scratch,42
C[C@@]1(C(=O)Nc2ccc(F)nc2)CCCN1c1nc(Nc2cc(C3CC3)n[nH]2)c2cccn2n1,0.3326918306286245,DRT scratch,42
Cc1cc(N2CC(C)NC(C)C2)ncc1-c1ccc(-c2nc3c(ccn3C)c(=O)[nH]2)cc1,0.4905579243225216,DRT scratch,42
Cc1cc(Nc2cc(N3CCN(C)CC3)nc(Sc3ccc(NC(=O)C4CC4)cc3)n2)n[nH]1,0.5866288054285712,DRT scratch,42
Cc1cc(Nc2nc(N[C@@H](C)c3ccc(F)cc3)c(C#N)cc2F)n[nH]1,0.5333676296022182,DRT scratch,42
Cc1ccc(C(=O)Nc2cccc(C(F)(F)F)c2)cc1Nc1nc(-c2cccnc2)nc2c1cnn2C,0.611740416298825,DRT scratch,42
Cc1ccc(Nc2nccc(N(C)c3ccc4c(C)n(C)nc4c3)n2)cc1S(N)(=O)=O,0.3493313765074321,DRT scratch,42
Cc1ccc2nc(NC(=O)CSc3nc4c(c(=O)n3-c3ccccc3)SCC4)sc2c1,0.6491504642440009,DRT scratch,42
Cc1ncc(-c2ccnc(Nc3ccc(S(C)(=O)=O)cc3)n2)n1C(C)C,0.4952689358678831,DRT scratch,42
Cc1sc2c(c1C)C(c1ccc(Cl)cc1)=NC(CC(=O)OC(C)(C)C)c1nnc(C)n1-2,0.4395973264642669,DRT scratch,42
Cn1cncc1[C@](N)(c1ccc(Cl)cc1)c1ccc2c(c1)c(-c1cccc(Cl)c1)cc(=O)n2C,0.421183654082698,DRT scratch,42
NC(=O)Nc1sc(-c2ccc(F)cc2)cc1C(N)=O,0.639199116450828,DRT scratch,42
NCC(O)(c1ccc(Cl)cc1)c1ccc(-c2cn[nH]c2)cc1,0.5069308197367267,DRT scratch,42
NCCOc1cc(C(=O)Nc2cc(OCCN)c3ccccc3n2)nc(C(=O)Nc2cc(OCCN)c3ccccc3n2)c1,0.5074012080866749,DRT scratch,42
Nc1cccc(-c2cc3c(Oc4cccc(O)c4)ncnc3[nH]2)c1,0.4210408671333582,DRT scratch,42
O=C(CCCCCCNC(=O)c1cnc(N(c2ccccc2)c2ccccc2)nc1)NO,0.607216830054983,DRT scratch,42
O=C(NCC(O)CN1CCc2ccccc2C1)c1ccnc(NC2CCC2)c1,0.5069981601539422,DRT scratch,42
O=C1NC(=O)C(=Cc2ccc3nccnc3c2)S1,0.2851553160914239,DRT scratch,42
Oc1c(F)cc(-c2cnccc2-c2ccc(N3CCOCC3)cc2)cc1F,0.3951764420710484,DRT scratch,42
C=C1C(=O)OC2C1C(OC(=O)C=C(C)C)CC1=CC(CC3(C)OC23)OC1=O,0.6487758930192554,DRT scratch,123
C=C1C(=O)O[C@@H]2C3O[C@@]3(C)CCC=C(C)CC[C@@H]12,0.3721149027398935,DRT scratch,123
CC(=O)Nc1cccc(-n2c(=O)n(C3CC3)c(=O)c3c(Nc4ccc(I)cc4F)n(C)c(=O)c(C)c32)c1,0.1811427861750609,DRT scratch,123
CC(=O)c1c(C)c2cnc(Nc3ccc(N4CCNCC4)cn3)nc2n(C2CCCC2)c1=O,0.2591922202331048,DRT scratch,123
CC(C)CC(=O)Nc1n[nH]c2c1CN(C(=O)C1CCN(C)CC1)C2(C)C,0.6853214711104365,DRT scratch,123
CC(C)C[C@@H](NC(=O)[C@@H](Cc1ccccc1)NC(=O)C1=CNC=CN1)B(O)O,0.326287304381561,DRT scratch,123
CC(C)Nc1cc(-c2c[nH]c(C(=O)NC(CO)c3cccc(Cl)c3)c2)c(Cl)cn1,0.3819535921148269,DRT scratch,123
CC(c1ccc2nccn2c1)n1nnc2ncc(-c3cnn(C)c3)nc21,0.4068456449801714,DRT scratch,123
CCCC=CC=CC(=O)OC1C(=CC(=O)OC)CC2CC(C(C)O)OC(=O)CC(O)CC3CC(OC(C)=O)C(C)(C)C(O)(CC4CC(=CC(=O)OC)CC(C=CC(C)(C)C1(O)O2)O4)O3,0.2634061728357201,DRT scratch,123
CCCCC(C=O)NC(=O)C(CC(C)C)NC(=O)C(CC(C)C)NC(=O)OCc1ccccc1,0.4096795499282387,DRT scratch,123
CCCCCCCCc1ccc(CCC(N)(CO)CO)cc1.Cl,0.3255394806543419,DRT scratch,123
CCNC(=O)Nc1ncc(-c2cc(-c3c(C)cc(OC)cc3C)nc(-c3cnccn3)n2)s1,0.3637526901337023,DRT scratch,123
CN(C)CC=CC(=O)Nc1cccc(C(=O)Nc2cccc(Nc3nccc(-c4cccnc4)n3)c2)c1,0.3203716758515134,DRT scratch,123
CN1CCC(c2c(O)cc(O)c3c(=O)cc(-c4ccccc4Cl)oc23)C(O)C1,0.5039883059863676,DRT scratch,123
CNC(=O)CN1CCC(Oc2cc3c(Nc4cccc(Cl)c4F)ncnc3cc2OC)CC1,0.1746903012074747,DRT scratch,123
CNC(C)C(=O)NC(C(=O)N1CCCC1C(=O)NC1c2ccccc2CC1OCC#CC#CCOC1Cc2ccccc2C1NC(=O)C1CCCN1C(=O)C(NC(=O)C(C)NC)C1CCCCC1)C1CCCCC1,-0.0301227391274237,DRT scratch,123
COC(=O)CNC(=O)C(=O)OC,0.2782960765657717,DRT scratch,123
COCCn1c2c([n+](Cc3cnccn3)c1C)C(=O)c1ccccc1C2=O.[Br-],0.2239342282941474,DRT scratch,123
COc1cc(/C=C/C(=O)N2CCC=CC2=O)cc(OC)c1OC,0.3323187296900143,DRT scratch,123
COc1cc([C@@H]2c3cc4c(cc3C(O[C@@H]3O[C@@H]5CO[C@@H](c6cccs6)OC5[C@H](O)[C@H]3O)C3COC(=O)[C@@H]32)OCO4)cc(OC)c1O,0.6777676764523634,DRT scratch,123
COc1cc2ncnc(Nc3cccc(Cl)c3F)c2cc1OC(=O)N1CCN(C)CC1C,0.3118592526059185,DRT scratch,123
COc1nc(N)nc2c1ncn2[C@@H]1O[C@H](CO)[C@@H](O)[C@@H]1O,0.6957337544009127,DRT scratch,123
CS(=O)(=O)c1ccc(-c2cnc(N)c(C(=O)Nc3ccccc3)n2)cc1,0.6316292773783376,DRT scratch,123
C[C@@]1(C(=O)Nc2ccc(F)nc2)CCCN1c1nc(Nc2cc(C3CC3)n[nH]2)c2cccn2n1,0.333891624680951,DRT scratch,123
Cc1cc(N2CC(C)NC(C)C2)ncc1-c1ccc(-c2nc3c(ccn3C)c(=O)[nH]2)cc1,0.4650170214280528,DRT scratch,123
Cc1cc(Nc2cc(N3CCN(C)CC3)nc(Sc3ccc(NC(=O)C4CC4)cc3)n2)n[nH]1,0.5891115443068542,DRT scratch,123
Cc1cc(Nc2nc(N[C@@H](C)c3ccc(F)cc3)c(C#N)cc2F)n[nH]1,0.6159430484682875,DRT scratch,123
Cc1ccc(C(=O)Nc2cccc(C(F)(F)F)c2)cc1Nc1nc(-c2cccnc2)nc2c1cnn2C,0.5996809227181816,DRT scratch,123
Cc1ccc(Nc2nccc(N(C)c3ccc4c(C)n(C)nc4c3)n2)cc1S(N)(=O)=O,0.2320400743948722,DRT scratch,123
Cc1ccc2nc(NC(=O)CSc3nc4c(c(=O)n3-c3ccccc3)SCC4)sc2c1,0.6434469986290662,DRT scratch,123
Cc1ncc(-c2ccnc(Nc3ccc(S(C)(=O)=O)cc3)n2)n1C(C)C,0.3293990579376751,DRT scratch,123
Cc1sc2c(c1C)C(c1ccc(Cl)cc1)=NC(CC(=O)OC(C)(C)C)c1nnc(C)n1-2,0.4251990230515698,DRT scratch,123
Cn1cncc1[C@](N)(c1ccc(Cl)cc1)c1ccc2c(c1)c(-c1cccc(Cl)c1)cc(=O)n2C,0.3524722909030054,DRT scratch,123
NC(=O)Nc1sc(-c2ccc(F)cc2)cc1C(N)=O,0.6768278926469559,DRT scratch,123
NCC(O)(c1ccc(Cl)cc1)c1ccc(-c2cn[nH]c2)cc1,0.4891843376456221,DRT scratch,123
NCCOc1cc(C(=O)Nc2cc(OCCN)c3ccccc3n2)nc(C(=O)Nc2cc(OCCN)c3ccccc3n2)c1,0.4859408870172404,DRT scratch,123
Nc1cccc(-c2cc3c(Oc4cccc(O)c4)ncnc3[nH]2)c1,0.4131474139737338,DRT scratch,123
O=C(CCCCCCNC(=O)c1cnc(N(c2ccccc2)c2ccccc2)nc1)NO,0.5574611603248343,DRT scratch,123
O=C(NCC(O)CN1CCc2ccccc2C1)c1ccnc(NC2CCC2)c1,0.5300410650427664,DRT scratch,123
O=C1NC(=O)C(=Cc2ccc3nccnc3c2)S1,0.3583424592406172,DRT scratch,123
Oc1c(F)cc(-c2cnccc2-c2ccc(N3CCOCC3)cc2)cc1F,0.4643921250222515,DRT scratch,123
C=C1C(=O)OC2C1C(OC(=O)C=C(C)C)CC1=CC(CC3(C)OC23)OC1=O,0.3759850957359321,DRT scratch,2026
C=C1C(=O)O[C@@H]2C3O[C@@]3(C)CCC=C(C)CC[C@@H]12,0.5088321314465163,DRT scratch,2026
CC(=O)Nc1cccc(-n2c(=O)n(C3CC3)c(=O)c3c(Nc4ccc(I)cc4F)n(C)c(=O)c(C)c32)c1,-0.0053010514416864,DRT scratch,2026
CC(=O)c1c(C)c2cnc(Nc3ccc(N4CCNCC4)cn3)nc2n(C2CCCC2)c1=O,0.3583955715796716,DRT scratch,2026
CC(C)CC(=O)Nc1n[nH]c2c1CN(C(=O)C1CCN(C)CC1)C2(C)C,0.6928816978872437,DRT scratch,2026
CC(C)C[C@@H](NC(=O)[C@@H](Cc1ccccc1)NC(=O)C1=CNC=CN1)B(O)O,0.4212148465288436,DRT scratch,2026
CC(C)Nc1cc(-c2c[nH]c(C(=O)NC(CO)c3cccc(Cl)c3)c2)c(Cl)cn1,0.4358504415381998,DRT scratch,2026
CC(c1ccc2nccn2c1)n1nnc2ncc(-c3cnn(C)c3)nc21,0.3722276058324701,DRT scratch,2026
CCCC=CC=CC(=O)OC1C(=CC(=O)OC)CC2CC(C(C)O)OC(=O)CC(O)CC3CC(OC(C)=O)C(C)(C)C(O)(CC4CC(=CC(=O)OC)CC(C=CC(C)(C)C1(O)O2)O4)O3,0.2100470034293527,DRT scratch,2026
CCCCC(C=O)NC(=O)C(CC(C)C)NC(=O)C(CC(C)C)NC(=O)OCc1ccccc1,0.2000971827663233,DRT scratch,2026
CCCCCCCCc1ccc(CCC(N)(CO)CO)cc1.Cl,0.3656590840247189,DRT scratch,2026
CCNC(=O)Nc1ncc(-c2cc(-c3c(C)cc(OC)cc3C)nc(-c3cnccn3)n2)s1,0.3605676821586493,DRT scratch,2026
CN(C)CC=CC(=O)Nc1cccc(C(=O)Nc2cccc(Nc3nccc(-c4cccnc4)n3)c2)c1,0.332722489588671,DRT scratch,2026
CN1CCC(c2c(O)cc(O)c3c(=O)cc(-c4ccccc4Cl)oc23)C(O)C1,0.5600517275279392,DRT scratch,2026
CNC(=O)CN1CCC(Oc2cc3c(Nc4cccc(Cl)c4F)ncnc3cc2OC)CC1,0.1398990363287626,DRT scratch,2026
CNC(C)C(=O)NC(C(=O)N1CCCC1C(=O)NC1c2ccccc2CC1OCC#CC#CCOC1Cc2ccccc2C1NC(=O)C1CCCN1C(=O)C(NC(=O)C(C)NC)C1CCCCC1)C1CCCCC1,0.3603134077601798,DRT scratch,2026
COC(=O)CNC(=O)C(=O)OC,0.2536179671791292,DRT scratch,2026
COCCn1c2c([n+](Cc3cnccn3)c1C)C(=O)c1ccccc1C2=O.[Br-],0.2559948050385495,DRT scratch,2026
COc1cc(/C=C/C(=O)N2CCC=CC2=O)cc(OC)c1OC,0.3739381319854467,DRT scratch,2026
COc1cc([C@@H]2c3cc4c(cc3C(O[C@@H]3O[C@@H]5CO[C@@H](c6cccs6)OC5[C@H](O)[C@H]3O)C3COC(=O)[C@@H]32)OCO4)cc(OC)c1O,0.5662044109098394,DRT scratch,2026
COc1cc2ncnc(Nc3cccc(Cl)c3F)c2cc1OC(=O)N1CCN(C)CC1C,0.3261220694874058,DRT scratch,2026
COc1nc(N)nc2c1ncn2[C@@H]1O[C@H](CO)[C@@H](O)[C@@H]1O,0.706036597591302,DRT scratch,2026
CS(=O)(=O)c1ccc(-c2cnc(N)c(C(=O)Nc3ccccc3)n2)cc1,0.6209173258380988,DRT scratch,2026
C[C@@]1(C(=O)Nc2ccc(F)nc2)CCCN1c1nc(Nc2cc(C3CC3)n[nH]2)c2cccn2n1,0.3719300547773708,DRT scratch,2026
Cc1cc(N2CC(C)NC(C)C2)ncc1-c1ccc(-c2nc3c(ccn3C)c(=O)[nH]2)cc1,0.5134074198955292,DRT scratch,2026
Cc1cc(Nc2cc(N3CCN(C)CC3)nc(Sc3ccc(NC(=O)C4CC4)cc3)n2)n[nH]1,0.619933839336062,DRT scratch,2026
Cc1cc(Nc2nc(N[C@@H](C)c3ccc(F)cc3)c(C#N)cc2F)n[nH]1,0.5867324622643659,DRT scratch,2026
Cc1ccc(C(=O)Nc2cccc(C(F)(F)F)c2)cc1Nc1nc(-c2cccnc2)nc2c1cnn2C,0.5631787430365759,DRT scratch,2026
Cc1ccc(Nc2nccc(N(C)c3ccc4c(C)n(C)nc4c3)n2)cc1S(N)(=O)=O,0.2717055124548442,DRT scratch,2026
Cc1ccc2nc(NC(=O)CSc3nc4c(c(=O)n3-c3ccccc3)SCC4)sc2c1,0.663125031081066,DRT scratch,2026
Cc1ncc(-c2ccnc(Nc3ccc(S(C)(=O)=O)cc3)n2)n1C(C)C,0.3674620627438902,DRT scratch,2026
Cc1sc2c(c1C)C(c1ccc(Cl)cc1)=NC(CC(=O)OC(C)(C)C)c1nnc(C)n1-2,0.4351317688166546,DRT scratch,2026
Cn1cncc1[C@](N)(c1ccc(Cl)cc1)c1ccc2c(c1)c(-c1cccc(Cl)c1)cc(=O)n2C,0.3866423728773168,DRT scratch,2026
NC(=O)Nc1sc(-c2ccc(F)cc2)cc1C(N)=O,0.6345259194207076,DRT scratch,2026
NCC(O)(c1ccc(Cl)cc1)c1ccc(-c2cn[nH]c2)cc1,0.5055265264286625,DRT scratch,2026
NCCOc1cc(C(=O)Nc2cc(OCCN)c3ccccc3n2)nc(C(=O)Nc2cc(OCCN)c3ccccc3n2)c1,0.5773381408947043,DRT scratch,2026
Nc1cccc(-c2cc3c(Oc4cccc(O)c4)ncnc3[nH]2)c1,0.3635348811252994,DRT scratch,2026
O=C(CCCCCCNC(=O)c1cnc(N(c2ccccc2)c2ccccc2)nc1)NO,0.608581459861081,DRT scratch,2026
O=C(NCC(O)CN1CCc2ccccc2C1)c1ccnc(NC2CCC2)c1,0.5363257332756237,DRT scratch,2026
O=C1NC(=O)C(=Cc2ccc3nccnc3c2)S1,0.3340043352151484,DRT scratch,2026
Oc1c(F)cc(-c2cnccc2-c2ccc(N3CCOCC3)cc2)cc1F,0.5262157376284438,DRT scratch,2026
C=C1C(=O)OC2C1C(OC(=O)C=C(C)C)CC1=CC(CC3(C)OC23)OC1=O,0.6211492805640545,DRT pretrained,42
C=C1C(=O)O[C@@H]2C3O[C@@]3(C)CCC=C(C)CC[C@@H]12,0.5145524900782882,DRT pretrained,42
CC(=O)Nc1cccc(-n2c(=O)n(C3CC3)c(=O)c3c(Nc4ccc(I)cc4F)n(C)c(=O)c(C)c32)c1,0.4146973014831652,DRT pretrained,42
CC(=O)c1c(C)c2cnc(Nc3ccc(N4CCNCC4)cn3)nc2n(C2CCCC2)c1=O,0.3156171374430108,DRT pretrained,42
CC(C)CC(=O)Nc1n[nH]c2c1CN(C(=O)C1CCN(C)CC1)C2(C)C,0.7017296580399531,DRT pretrained,42
CC(C)C[C@@H](NC(=O)[C@@H](Cc1ccccc1)NC(=O)C1=CNC=CN1)B(O)O,0.3962913015056398,DRT pretrained,42
CC(C)Nc1cc(-c2c[nH]c(C(=O)NC(CO)c3cccc(Cl)c3)c2)c(Cl)cn1,0.3708050112464783,DRT pretrained,42
CC(c1ccc2nccn2c1)n1nnc2ncc(-c3cnn(C)c3)nc21,0.2701552216048177,DRT pretrained,42
CCCC=CC=CC(=O)OC1C(=CC(=O)OC)CC2CC(C(C)O)OC(=O)CC(O)CC3CC(OC(C)=O)C(C)(C)C(O)(CC4CC(=CC(=O)OC)CC(C=CC(C)(C)C1(O)O2)O4)O3,0.2665470164409212,DRT pretrained,42
CCCCC(C=O)NC(=O)C(CC(C)C)NC(=O)C(CC(C)C)NC(=O)OCc1ccccc1,0.4490934235859486,DRT pretrained,42
CCCCCCCCc1ccc(CCC(N)(CO)CO)cc1.Cl,0.3617302377957104,DRT pretrained,42
CCNC(=O)Nc1ncc(-c2cc(-c3c(C)cc(OC)cc3C)nc(-c3cnccn3)n2)s1,0.3988689623209919,DRT pretrained,42
CN(C)CC=CC(=O)Nc1cccc(C(=O)Nc2cccc(Nc3nccc(-c4cccnc4)n3)c2)c1,0.386940651795351,DRT pretrained,42
CN1CCC(c2c(O)cc(O)c3c(=O)cc(-c4ccccc4Cl)oc23)C(O)C1,0.5529320508849002,DRT pretrained,42
CNC(=O)CN1CCC(Oc2cc3c(Nc4cccc(Cl)c4F)ncnc3cc2OC)CC1,0.2510684331393504,DRT pretrained,42
CNC(C)C(=O)NC(C(=O)N1CCCC1C(=O)NC1c2ccccc2CC1OCC#CC#CCOC1Cc2ccccc2C1NC(=O)C1CCCN1C(=O)C(NC(=O)C(C)NC)C1CCCCC1)C1CCCCC1,0.3581481913957905,DRT pretrained,42
COC(=O)CNC(=O)C(=O)OC,0.2420975551297178,DRT pretrained,42
COCCn1c2c([n+](Cc3cnccn3)c1C)C(=O)c1ccccc1C2=O.[Br-],0.237033669318545,DRT pretrained,42
COc1cc(/C=C/C(=O)N2CCC=CC2=O)cc(OC)c1OC,0.362262491112737,DRT pretrained,42
COc1cc([C@@H]2c3cc4c(cc3C(O[C@@H]3O[C@@H]5CO[C@@H](c6cccs6)OC5[C@H](O)[C@H]3O)C3COC(=O)[C@@H]32)OCO4)cc(OC)c1O,0.6592751513305573,DRT pretrained,42
COc1cc2ncnc(Nc3cccc(Cl)c3F)c2cc1OC(=O)N1CCN(C)CC1C,0.3503295957993521,DRT pretrained,42
COc1nc(N)nc2c1ncn2[C@@H]1O[C@H](CO)[C@@H](O)[C@@H]1O,0.4506885533633497,DRT pretrained,42
CS(=O)(=O)c1ccc(-c2cnc(N)c(C(=O)Nc3ccccc3)n2)cc1,0.3190557495073012,DRT pretrained,42
C[C@@]1(C(=O)Nc2ccc(F)nc2)CCCN1c1nc(Nc2cc(C3CC3)n[nH]2)c2cccn2n1,0.3762369977391054,DRT pretrained,42
Cc1cc(N2CC(C)NC(C)C2)ncc1-c1ccc(-c2nc3c(ccn3C)c(=O)[nH]2)cc1,0.5287401619492677,DRT pretrained,42
Cc1cc(Nc2cc(N3CCN(C)CC3)nc(Sc3ccc(NC(=O)C4CC4)cc3)n2)n[nH]1,0.6375421958138506,DRT pretrained,42
Cc1cc(Nc2nc(N[C@@H](C)c3ccc(F)cc3)c(C#N)cc2F)n[nH]1,0.4900377953086725,DRT pretrained,42
Cc1ccc(C(=O)Nc2cccc(C(F)(F)F)c2)cc1Nc1nc(-c2cccnc2)nc2c1cnn2C,0.6175712902302467,DRT pretrained,42
Cc1ccc(Nc2nccc(N(C)c3ccc4c(C)n(C)nc4c3)n2)cc1S(N)(=O)=O,0.2589403503379164,DRT pretrained,42
Cc1ccc2nc(NC(=O)CSc3nc4c(c(=O)n3-c3ccccc3)SCC4)sc2c1,0.5762356401887232,DRT pretrained,42
Cc1ncc(-c2ccnc(Nc3ccc(S(C)(=O)=O)cc3)n2)n1C(C)C,0.5381834191759435,DRT pretrained,42
Cc1sc2c(c1C)C(c1ccc(Cl)cc1)=NC(CC(=O)OC(C)(C)C)c1nnc(C)n1-2,0.4488737164135986,DRT pretrained,42
Cn1cncc1[C@](N)(c1ccc(Cl)cc1)c1ccc2c(c1)c(-c1cccc(Cl)c1)cc(=O)n2C,0.4133900273925712,DRT pretrained,42
NC(=O)Nc1sc(-c2ccc(F)cc2)cc1C(N)=O,0.5584362230026023,DRT pretrained,42
NCC(O)(c1ccc(Cl)cc1)c1ccc(-c2cn[nH]c2)cc1,0.1335669341663555,DRT pretrained,42
NCCOc1cc(C(=O)Nc2cc(OCCN)c3ccccc3n2)nc(C(=O)Nc2cc(OCCN)c3ccccc3n2)c1,0.5826405208884128,DRT pretrained,42
Nc1cccc(-c2cc3c(Oc4cccc(O)c4)ncnc3[nH]2)c1,0.3061803137446144,DRT pretrained,42
O=C(CCCCCCNC(=O)c1cnc(N(c2ccccc2)c2ccccc2)nc1)NO,0.5713554681607494,DRT pretrained,42
O=C(NCC(O)CN1CCc2ccccc2C1)c1ccnc(NC2CCC2)c1,0.5244826582970894,DRT pretrained,42
O=C1NC(=O)C(=Cc2ccc3nccnc3c2)S1,0.0379766150865176,DRT pretrained,42
Oc1c(F)cc(-c2cnccc2-c2ccc(N3CCOCC3)cc2)cc1F,0.2063758738332835,DRT pretrained,42
C=C1C(=O)OC2C1C(OC(=O)C=C(C)C)CC1=CC(CC3(C)OC23)OC1=O,0.6662415964121723,DRT pretrained,123
C=C1C(=O)O[C@@H]2C3O[C@@]3(C)CCC=C(C)CC[C@@H]12,0.4633268150569027,DRT pretrained,123
CC(=O)Nc1cccc(-n2c(=O)n(C3CC3)c(=O)c3c(Nc4ccc(I)cc4F)n(C)c(=O)c(C)c32)c1,0.2388638846129429,DRT pretrained,123
CC(=O)c1c(C)c2cnc(Nc3ccc(N4CCNCC4)cn3)nc2n(C2CCCC2)c1=O,0.3111510889641732,DRT pretrained,123
CC(C)CC(=O)Nc1n[nH]c2c1CN(C(=O)C1CCN(C)CC1)C2(C)C,0.6006957032547501,DRT pretrained,123
CC(C)C[C@@H](NC(=O)[C@@H](Cc1ccccc1)NC(=O)C1=CNC=CN1)B(O)O,0.4080142104392322,DRT pretrained,123
CC(C)Nc1cc(-c2c[nH]c(C(=O)NC(CO)c3cccc(Cl)c3)c2)c(Cl)cn1,0.3703375268769482,DRT pretrained,123
CC(c1ccc2nccn2c1)n1nnc2ncc(-c3cnn(C)c3)nc21,0.383344938147564,DRT pretrained,123
CCCC=CC=CC(=O)OC1C(=CC(=O)OC)CC2CC(C(C)O)OC(=O)CC(O)CC3CC(OC(C)=O)C(C)(C)C(O)(CC4CC(=CC(=O)OC)CC(C=CC(C)(C)C1(O)O2)O4)O3,0.3247293980377789,DRT pretrained,123
CCCCC(C=O)NC(=O)C(CC(C)C)NC(=O)C(CC(C)C)NC(=O)OCc1ccccc1,0.4993752478527289,DRT pretrained,123
CCCCCCCCc1ccc(CCC(N)(CO)CO)cc1.Cl,0.3620627939382144,DRT pretrained,123
CCNC(=O)Nc1ncc(-c2cc(-c3c(C)cc(OC)cc3C)nc(-c3cnccn3)n2)s1,0.4030619028776117,DRT pretrained,123
CN(C)CC=CC(=O)Nc1cccc(C(=O)Nc2cccc(Nc3nccc(-c4cccnc4)n3)c2)c1,0.3740589712515111,DRT pretrained,123
CN1CCC(c2c(O)cc(O)c3c(=O)cc(-c4ccccc4Cl)oc23)C(O)C1,0.5038706924259347,DRT pretrained,123
CNC(=O)CN1CCC(Oc2cc3c(Nc4cccc(Cl)c4F)ncnc3cc2OC)CC1,0.1218277772785665,DRT pretrained,123
CNC(C)C(=O)NC(C(=O)N1CCCC1C(=O)NC1c2ccccc2CC1OCC#CC#CCOC1Cc2ccccc2C1NC(=O)C1CCCN1C(=O)C(NC(=O)C(C)NC)C1CCCCC1)C1CCCCC1,0.3465404058732939,DRT pretrained,123
COC(=O)CNC(=O)C(=O)OC,0.2358544895768871,DRT pretrained,123
COCCn1c2c([n+](Cc3cnccn3)c1C)C(=O)c1ccccc1C2=O.[Br-],0.2270896887819996,DRT pretrained,123
COc1cc(/C=C/C(=O)N2CCC=CC2=O)cc(OC)c1OC,0.2238114826877001,DRT pretrained,123
COc1cc([C@@H]2c3cc4c(cc3C(O[C@@H]3O[C@@H]5CO[C@@H](c6cccs6)OC5[C@H](O)[C@H]3O)C3COC(=O)[C@@H]32)OCO4)cc(OC)c1O,0.5964252137415185,DRT pretrained,123
COc1cc2ncnc(Nc3cccc(Cl)c3F)c2cc1OC(=O)N1CCN(C)CC1C,0.3219359778282568,DRT pretrained,123
COc1nc(N)nc2c1ncn2[C@@H]1O[C@H](CO)[C@@H](O)[C@@H]1O,0.5972857390543723,DRT pretrained,123
CS(=O)(=O)c1ccc(-c2cnc(N)c(C(=O)Nc3ccccc3)n2)cc1,0.5841048576162754,DRT pretrained,123
C[C@@]1(C(=O)Nc2ccc(F)nc2)CCCN1c1nc(Nc2cc(C3CC3)n[nH]2)c2cccn2n1,0.3495136171083066,DRT pretrained,123
Cc1cc(N2CC(C)NC(C)C2)ncc1-c1ccc(-c2nc3c(ccn3C)c(=O)[nH]2)cc1,0.5185067120662616,DRT pretrained,123
Cc1cc(Nc2cc(N3CCN(C)CC3)nc(Sc3ccc(NC(=O)C4CC4)cc3)n2)n[nH]1,0.5906131981276669,DRT pretrained,123
Cc1cc(Nc2nc(N[C@@H](C)c3ccc(F)cc3)c(C#N)cc2F)n[nH]1,0.6160953878394891,DRT pretrained,123
Cc1ccc(C(=O)Nc2cccc(C(F)(F)F)c2)cc1Nc1nc(-c2cccnc2)nc2c1cnn2C,0.5580271773881986,DRT pretrained,123
Cc1ccc(Nc2nccc(N(C)c3ccc4c(C)n(C)nc4c3)n2)cc1S(N)(=O)=O,0.2575099144268154,DRT pretrained,123
Cc1ccc2nc(NC(=O)CSc3nc4c(c(=O)n3-c3ccccc3)SCC4)sc2c1,0.6369284451235158,DRT pretrained,123
Cc1ncc(-c2ccnc(Nc3ccc(S(C)(=O)=O)cc3)n2)n1C(C)C,0.4845170984395237,DRT pretrained,123
Cc1sc2c(c1C)C(c1ccc(Cl)cc1)=NC(CC(=O)OC(C)(C)C)c1nnc(C)n1-2,0.3970584515262796,DRT pretrained,123
Cn1cncc1[C@](N)(c1ccc(Cl)cc1)c1ccc2c(c1)c(-c1cccc(Cl)c1)cc(=O)n2C,0.3496108551214246,DRT pretrained,123
NC(=O)Nc1sc(-c2ccc(F)cc2)cc1C(N)=O,0.5984292003938685,DRT pretrained,123
NCC(O)(c1ccc(Cl)cc1)c1ccc(-c2cn[nH]c2)cc1,0.5094356541860746,DRT pretrained,123
NCCOc1cc(C(=O)Nc2cc(OCCN)c3ccccc3n2)nc(C(=O)Nc2cc(OCCN)c3ccccc3n2)c1,0.5937255199830448,DRT pretrained,123
Nc1cccc(-c2cc3c(Oc4cccc(O)c4)ncnc3[nH]2)c1,0.3748868516378312,DRT pretrained,123
O=C(CCCCCCNC(=O)c1cnc(N(c2ccccc2)c2ccccc2)nc1)NO,0.5167914523161515,DRT pretrained,123
O=C(NCC(O)CN1CCc2ccccc2C1)c1ccnc(NC2CCC2)c1,0.5425891779557603,DRT pretrained,123
O=C1NC(=O)C(=Cc2ccc3nccnc3c2)S1,0.1439529626120738,DRT pretrained,123
Oc1c(F)cc(-c2cnccc2-c2ccc(N3CCOCC3)cc2)cc1F,0.5006402025442434,DRT pretrained,123
C=C1C(=O)OC2C1C(OC(=O)C=C(C)C)CC1=CC(CC3(C)OC23)OC1=O,0.5100055523591918,DRT pretrained,2026
C=C1C(=O)O[C@@H]2C3O[C@@]3(C)CCC=C(C)CC[C@@H]12,0.4961561287602362,DRT pretrained,2026
CC(=O)Nc1cccc(-n2c(=O)n(C3CC3)c(=O)c3c(Nc4ccc(I)cc4F)n(C)c(=O)c(C)c32)c1,0.3990535456778266,DRT pretrained,2026
CC(=O)c1c(C)c2cnc(Nc3ccc(N4CCNCC4)cn3)nc2n(C2CCCC2)c1=O,0.2970717442125101,DRT pretrained,2026
CC(C)CC(=O)Nc1n[nH]c2c1CN(C(=O)C1CCN(C)CC1)C2(C)C,0.6077304062396818,DRT pretrained,2026
CC(C)C[C@@H](NC(=O)[C@@H](Cc1ccccc1)NC(=O)C1=CNC=CN1)B(O)O,0.3677813988503836,DRT pretrained,2026
CC(C)Nc1cc(-c2c[nH]c(C(=O)NC(CO)c3cccc(Cl)c3)c2)c(Cl)cn1,0.3625817303281992,DRT pretrained,2026
CC(c1ccc2nccn2c1)n1nnc2ncc(-c3cnn(C)c3)nc21,0.3886986910523443,DRT pretrained,2026
CCCC=CC=CC(=O)OC1C(=CC(=O)OC)CC2CC(C(C)O)OC(=O)CC(O)CC3CC(OC(C)=O)C(C)(C)C(O)(CC4CC(=CC(=O)OC)CC(C=CC(C)(C)C1(O)O2)O4)O3,0.3470357944287601,DRT pretrained,2026
CCCCC(C=O)NC(=O)C(CC(C)C)NC(=O)C(CC(C)C)NC(=O)OCc1ccccc1,0.4003046615177902,DRT pretrained,2026
CCCCCCCCc1ccc(CCC(N)(CO)CO)cc1.Cl,0.3538936864669867,DRT pretrained,2026
CCNC(=O)Nc1ncc(-c2cc(-c3c(C)cc(OC)cc3C)nc(-c3cnccn3)n2)s1,0.4015691502003947,DRT pretrained,2026
CN(C)CC=CC(=O)Nc1cccc(C(=O)Nc2cccc(Nc3nccc(-c4cccnc4)n3)c2)c1,0.2944337345675163,DRT pretrained,2026
CN1CCC(c2c(O)cc(O)c3c(=O)cc(-c4ccccc4Cl)oc23)C(O)C1,0.5255357231547109,DRT pretrained,2026
CNC(=O)CN1CCC(Oc2cc3c(Nc4cccc(Cl)c4F)ncnc3cc2OC)CC1,0.103663614648063,DRT pretrained,2026
CNC(C)C(=O)NC(C(=O)N1CCCC1C(=O)NC1c2ccccc2CC1OCC#CC#CCOC1Cc2ccccc2C1NC(=O)C1CCCN1C(=O)C(NC(=O)C(C)NC)C1CCCCC1)C1CCCCC1,0.3376092884220528,DRT pretrained,2026
COC(=O)CNC(=O)C(=O)OC,0.2873001947709547,DRT pretrained,2026
COCCn1c2c([n+](Cc3cnccn3)c1C)C(=O)c1ccccc1C2=O.[Br-],0.2194562882716609,DRT pretrained,2026
COc1cc(/C=C/C(=O)N2CCC=CC2=O)cc(OC)c1OC,0.2733405487476888,DRT pretrained,2026
COc1cc([C@@H]2c3cc4c(cc3C(O[C@@H]3O[C@@H]5CO[C@@H](c6cccs6)OC5[C@H](O)[C@H]3O)C3COC(=O)[C@@H]32)OCO4)cc(OC)c1O,0.68977247658493,DRT pretrained,2026
COc1cc2ncnc(Nc3cccc(Cl)c3F)c2cc1OC(=O)N1CCN(C)CC1C,0.3046825030223313,DRT pretrained,2026
COc1nc(N)nc2c1ncn2[C@@H]1O[C@H](CO)[C@@H](O)[C@@H]1O,0.6336010129946854,DRT pretrained,2026
CS(=O)(=O)c1ccc(-c2cnc(N)c(C(=O)Nc3ccccc3)n2)cc1,0.6638991580729182,DRT pretrained,2026
C[C@@]1(C(=O)Nc2ccc(F)nc2)CCCN1c1nc(Nc2cc(C3CC3)n[nH]2)c2cccn2n1,0.3382627559530202,DRT pretrained,2026
Cc1cc(N2CC(C)NC(C)C2)ncc1-c1ccc(-c2nc3c(ccn3C)c(=O)[nH]2)cc1,0.4657704544177937,DRT pretrained,2026
Cc1cc(Nc2cc(N3CCN(C)CC3)nc(Sc3ccc(NC(=O)C4CC4)cc3)n2)n[nH]1,0.5657153569852151,DRT pretrained,2026
Cc1cc(Nc2nc(N[C@@H](C)c3ccc(F)cc3)c(C#N)cc2F)n[nH]1,0.4659692866043037,DRT pretrained,2026
Cc1ccc(C(=O)Nc2cccc(C(F)(F)F)c2)cc1Nc1nc(-c2cccnc2)nc2c1cnn2C,0.4947633423192731,DRT pretrained,2026
Cc1ccc(Nc2nccc(N(C)c3ccc4c(C)n(C)nc4c3)n2)cc1S(N)(=O)=O,0.2273823105123879,DRT pretrained,2026
Cc1ccc2nc(NC(=O)CSc3nc4c(c(=O)n3-c3ccccc3)SCC4)sc2c1,0.6416964479248788,DRT pretrained,2026
Cc1ncc(-c2ccnc(Nc3ccc(S(C)(=O)=O)cc3)n2)n1C(C)C,0.3979327144939139,DRT pretrained,2026
Cc1sc2c(c1C)C(c1ccc(Cl)cc1)=NC(CC(=O)OC(C)(C)C)c1nnc(C)n1-2,0.4209258001778491,DRT pretrained,2026
Cn1cncc1[C@](N)(c1ccc(Cl)cc1)c1ccc2c(c1)c(-c1cccc(Cl)c1)cc(=O)n2C,0.4130064699980599,DRT pretrained,2026
NC(=O)Nc1sc(-c2ccc(F)cc2)cc1C(N)=O,0.5396013174816447,DRT pretrained,2026
NCC(O)(c1ccc(Cl)cc1)c1ccc(-c2cn[nH]c2)cc1,0.4295351448122941,DRT pretrained,2026
NCCOc1cc(C(=O)Nc2cc(OCCN)c3ccccc3n2)nc(C(=O)Nc2cc(OCCN)c3ccccc3n2)c1,0.5525628661830486,DRT pretrained,2026
Nc1cccc(-c2cc3c(Oc4cccc(O)c4)ncnc3[nH]2)c1,0.3274097693898396,DRT pretrained,2026
O=C(CCCCCCNC(=O)c1cnc(N(c2ccccc2)c2ccccc2)nc1)NO,0.5631229329398686,DRT pretrained,2026
O=C(NCC(O)CN1CCc2ccccc2C1)c1ccnc(NC2CCC2)c1,0.514682092642584,DRT pretrained,2026
O=C1NC(=O)C(=Cc2ccc3nccnc3c2)S1,0.2000788282194814,DRT pretrained,2026
Oc1c(F)cc(-c2cnccc2-c2ccc(N3CCOCC3)cc2)cc1F,0.2853962728411112,DRT pretrained,2026
