dataset_index,source_row,canonical_smiles,drug_id,cell_id,ln_ic50
16823,92762,C#Cc1cccc(Nc2ncnc3cc(OC)c(OCCCCCCC(=O)NO)cc23)c1,CUDC-101,KNS-81-FD,-0.331932
32506,348783,C#Cc1cccc(Nc2ncnc3cc(OCCOC)c(OCCOC)cc23)c1,Erlotinib,D-542MG,3.844298
34542,45979,C=C(c1ccc(C(=O)O)cc1)c1cc2c(cc1C)C(C)(C)CCC2(C)C,Bexarotene,EVSA-T,4.307732
28920,156777,C=C1C(=O)OC(CCCCCCCC)C1C(=O)O,C-75,MHH-NB-11,2.552279
16452,437324,C=C1C(=O)OC2C1C(OC(=O)C=C(C)C)CC1=CC(CC3(C)OC23)OC1=O,Elephantin,BALL-1,1.521385
13161,438491,C=C1C(=O)OC2CC1CCC1(C)OC1CCC(C)=CCCC2(C)O,Sinularin,BHT-101,3.922183
3592,12609,C=C1C(=O)O[C@@H]2C3O[C@@]3(C)CCC=C(C)CC[C@@H]12,Parthenolide,NCI-H1694,3.206937
12592,416415,C=CC(=O)N1CCC[C@@H](n2nc(-c3ccc(Oc4ccccc4)cc3)c3c(N)ncnc32)C1,Ibrutinib,NAMALWA,1.941227
6688,72062,C=CC(=O)N1CCc2ccc(-n3c(=O)ccc4cnc5ccc(-c6cnn(C)c6)cc5c43)cc21,QL-XII-47,NCI-H3122,1.173796
21363,128195,C=CC(=O)Nc1cc(-n2c(=O)ccc3cnc4ccc(-c5cn[nH]c5)cc4c32)ccc1C,QL-X-138,NCI-H1869,2.1347
9616,125971,C=CC(=O)Nc1cc(NC(=O)c2ccc(C)c(NC(=O)c3ccno3)c2)cc(C(F)(F)F)c1,QL-XI-92,HT-3,3.977955
40782,460220,C=CC(=O)Nc1cc(Nc2nccc(-c3cn(C)c4ccccc34)n2)c(OC)cc1N(C)CCN(C)C,Osimertinib,HCC1419,-0.103191
26984,136277,C=CC(=O)Nc1cc2c(Nc3ccc(F)c(Cl)c3)ncnc2cc1OCCCN1CCOCC1,CI-1033,LAN-6,2.553123
1444,128464,C=CC(=O)Nc1ccc(C(=O)c2sc(Nc3ccc(N4CCN(C)CC4)cc3OC)nc2N)cc1,XMD15-27,NCI-H2087,4.478862
29574,143909,C=CC(=O)Nc1ccc2ncnc(Nc3ccc(OCc4cccc(F)c4)c(Cl)c3)c2c1,AST-1306,LXF-289,2.156798
19178,76788,C=CC(=O)Nc1cccc(Nc2nc(N[C@H]3CC[C@H](N(C)C)CC3)nc3c2ncn3C(C)C)c1,WZ3105,SNU-1040,-1.821324
21783,196710,C=CCNC1=C2C[C@@H](C)C[C@H](OC)[C@H](O)[C@@H](C)C=C(C)[C@H](OC(N)=O)[C@@H](OC)C=CC=C(C)C(=O)NC(=CC1=O)C2=O,Tanespimycin,EKVX,0.480761
9476,38111,C=CCc1cccc(C=NNC(=O)CN2CCN(Cc3ccccc3)CC2)c1O,PAC-1,SK-MEL-28,1.577762
21404,351404,C=CCn1c(=O)c2cnc(Nc3ccc(N4CCN(C)CC4)cc3)nc2n1-c1cccc(C(C)(C)O)n1,MK-1775,KON,-0.375643
11566,485083,CC(=CC(=O)Nc1ccccc1C(=O)O)c1ccc2ccccc2c1,BIBR-1532,OCI-LY-19,3.998611
41114,54222,CC(=Cc1csc(C)n1)[C@H]1C[C@@H]2O[C@]2(C)CCC[C@H](C)[C@H](O)[C@@H](C)C(=O)C(C)(C)[C@H](O)CC(=O)O1,Epothilone B,HCC-15,-6.427457
4314,165244,CC(=NNC(=S)N1CCC1)c1ccccn1,NSC319726,SUIT-2,-5.281224
36158,48053,CC(=O)C(C#N)C(=O)Nc1cc(Br)ccc1Br,LFM-A13,CAMA-1,5.420863
29512,285834,CC(=O)N1CCN(CCOc2ccc(C3CCN(C4=Nn5c(nnc5C(F)(F)F)CC4)CC3)cc2)CC1,AZD3514,UWB1.289,4.100665
23234,514623,CC(=O)NC(CS)C(=O)O,N-acetyl cysteine,CML-T1,7.593997
9770,358593,CC(=O)Nc1cccc(-n2c(=O)n(C3CC3)c(=O)c3c(Nc4ccc(I)cc4F)n(C)c(=O)c(C)c32)c1,Trametinib,NCI-H1963,1.759634
2028,115905,CC(=O)Nc1nc(C)c(-c2ccc(Cl)c(S(=O)(=O)NCCO)c2)s1,PIK-93,HOP-92,5.038164
31948,206389,CC(=O)OC1C(C)OC(Oc2c(-c3ccc(O)cc3)oc3cc(O)cc(O)c3c2=O)C(O)C1OC(C)=O,SL0101,TE-9,3.877883
24469,427187,CC(=O)O[C@@]12CO[C@@H]1C[C@H](O)[C@@]1(C)C(=O)[C@H](O)C3=C(C)[C@@H](OC(=O)[C@H](O)[C@@H](NC(=O)OC(C)(C)C)c4ccccc4)C[C@@](O)([C@@H](OC(=O)c4ccccc4)[C@H]21)C3(C)C,Docetaxel,G-401,-4.956433
31242,340473,CC(=O)O[C@H]1C(=O)[C@]2(C)[C@@H](O)C[C@@H]3OC[C@@]3(OC(C)=O)[C@@H]2[C@H](OC(=O)c2ccccc2)[C@]2(O)C[C@H](OC(=O)[C@H](O)[C@@H](NC(=O)c3ccccc3)c3ccccc3)C(C)=C1C2(C)C,Paclitaxel,HCC-827,-0.622188
30552,418243,CC(=O)Oc1ccc(C2(c3ccc(OC(C)=O)cc3)C(=O)Nc3ccccc32)cc1,Acetalax,NCI-H2722,6.507872
29014,215341,CC(=O)c1c(C)c2cnc(Nc3ccc(N4CCNCC4)cn3)nc2n(C2CCCC2)c1=O,Palbociclib,ST486,1.726612
39880,469918,CC(=O)c1cc([N+](=O)[O-])c(Sc2ccc(F)cc2F)s1,P22077,SK-MEL-3,4.584472
4602,498540,CC(C)(C)C(=O)OCOP(=O)(OCOC(=O)C(C)(C)C)C1CCCN(O)C1=O,POMHEX,HSC-2,0.165969
38741,383523,CC(C)(C)NS(=O)(=O)c1cncc(-c2cc(F)c3nc(N)nn3c2)c1,CZC24832,MFM-223,7.338049
34550,95429,CC(C)(C)OC(=O)Nc1ccc(-c2cc(C(=O)NCCCCCCC(=O)NO)no2)cc1,CAY10603,MFM-223,0.889526
1035,78119,CC(C)(C)c1cc(NC(=O)Nc2ccc(-c3cn4c(n3)sc3cc(OCCN5CCOCC5)ccc34)cc2)no1,Quizartinib,NCI-H28,3.062105
38166,281236,CC(C)(C)c1nc(-c2cccc(NS(=O)(=O)c3c(F)cccc3F)c2F)c(-c2ccnc(N)n2)s1,Dabrafenib,HCC1500,4.789056
6960,34781,CC(C)=CCC(O)C1=CC(=O)c2c(O)ccc(O)c2C1=O,Shikonin,KE-37,-0.816559
7392,442000,CC(C)=CCCC(C)=CCc1c(O)cc(C=Cc2cc(O)c3c(c2)CC2C(C)(CC(O)C(O)C2(C)C)O3)cc1O,Schweinfurthin A,LU-165,4.454127
34164,92021,CC(C)C(C(=O)Nc1ccc(C(=O)NO)cc1)c1ccccc1,AR-42,CHSA0011,1.982965
18811,113995,CC(C)CC(=O)Nc1n[nH]c2c1CN(C(=O)C1CCN(C)CC1)C2(C)C,PHA-793887,HCC1937,2.19553
23441,1572,CC(C)C[C@@H](C=O)NC(=O)[C@H](CC(C)C)NC(=O)[C@H](CC(C)C)NC(=O)OCc1ccccc1,MG-132,SK-N-DZ,1.903609
23051,14017,CC(C)C[C@@H](NC(=O)[C@@H](Cc1ccccc1)NC(=O)C1=CNC=CN1)B(O)O,Bortezomib,SKM-1,-2.918046
37165,268348,CC(C)N(CCCNC(=O)Nc1ccc(C(C)(C)C)cc1)C[C@H]1O[C@@H](n2cc(Br)c3c(N)ncnc32)[C@H](O)[C@@H]1O,SGC0946,SK-PN-DW,1.758283
28533,355539,CC(C)N(CCCNC(=O)Nc1ccc(C(C)(C)C)cc1)C[C@H]1O[C@@H](n2ccc3c(N)ncnc32)[C@H](O)[C@@H]1O,EPZ004777,CP50-MEL-B,3.664532
15956,369844,CC(C)N(C[C@H]1O[C@@H](n2cnc3c(N)ncnc32)[C@H](O)[C@@H]1O)[C@H]1C[C@@H](CCc2nc3cc(C(C)(C)C)ccc3[nH]2)C1,EPZ5676,SBC-3,5.6479
26559,462732,CC(C)NCC(C(=O)N1CCN(c2ncnc3c2C(C)CC3O)CC1)c1ccc(Cl)cc1,Ipatasertib,SU-DHL-5,-0.889318
6041,450454,CC(C)Nc1cc(-c2c[nH]c(C(=O)NC(CO)c3cccc(Cl)c3)c2)c(Cl)cn1,Ulixertinib,NCI-H2085,4.917578
21040,319748,CC(C)Oc1cc(Nc2nc(NC(C)c3ccc(F)cn3)ncc2Cl)[nH]n1,AZD1332,LB373-MEL-D,2.618099
12987,446861,CC(C)c1ccc(-c2cc(=O)c3ccccc3o2)cc1,MN-64,RCC-JW,5.921723
3491,234983,CC(C)c1ccccc1Cc1cc(C(=O)Nc2ccc(S(=O)(=O)c3ccccc3C(C)(C)C)cc2)c(O)c(O)c1O,TW 37,NCC010,-1.960945
30643,158695,CC(C=CC(=O)NO)=CC(C)C(=O)c1ccc(N(C)C)cc1,Trichostatin A,SW948,-0.410464
37245,181584,CC(C=CC=C(C)/C=C/C1=C(C)CCCC1(C)C)=CC(=O)O,Tretinoin,JHH-6,3.352457
19975,459875,CC(Nc1cc(F)cc(F)c1)c1cc(C(=O)N(C)C)cc2c(=O)cc(N3CCOCC3)oc12,AZD8186,SU-DHL-16,0.561718
32142,486154,CC(Nc1ncnc2nc[nH]c12)c1cc2ccc(F)cc2nc1-c1ccccn1,AMG-319,SBC-5,4.604316
11281,327100,CC(O)(CS(=O)(=O)c1ccc(F)cc1)C(=O)Nc1ccc(C#N)c(C(F)(F)F)c1,Bicalutamide,DB,3.058472
4628,291856,CC(c1ccc2nccn2c1)n1nnc2ncc(-c3cnn(C)c3)nc21,AZD6094,WSU-NHL,2.730014
37046,250302,CC/C(=C(\c1ccc(O)cc1)c1ccc(OCCN(C)C)cc1)c1ccccc1,Tamoxifen,IST-SL2,3.655356
25819,125470,CC1(C)CC(=O)c2c(C(F)(F)F)nn(-c3ccc(C(N)=O)c(N[C@H]4CC[C@H](O)CC4)c3)c2C1,SNX-2112,MFE-319,0.752053
16946,452048,CC1(C)CCC(CN2CCN(c3ccc(C(=O)NS(=O)(=O)c4ccc(NCC5CCOCC5)c([N+](=O)[O-])c4)c(Oc4cnc5[nH]ccc5c4)c3)CC2)=C(c2ccc(Cl)cc2)C1,Venetoclax,LAN-6,-0.107531
14210,183115,CC1(C)CCC(c2ccc(Cl)cc2)=C(CN2CCN(c3ccc(C(=O)NS(=O)(=O)c4ccc(N[C@H](CCN5CCOCC5)CSc5ccccc5)c(S(=O)(=O)C(F)(F)F)c4)cc3)CC2)C1,Navitoclax,MOG-G-UVW,1.933123
8164,198811,CC1(C)CNc2cc(NC(=O)c3cccnc3NCc3ccncc3)ccc21,Motesanib,RT-112,0.211836
34711,70032,CC1=C(C(=O)Nc2cc3cn[nH]c3cc2F)C(c2ccc(C(F)(F)F)cc2)CC(=O)N1,GSK429286A,Mewo,6.088101
31407,2498,CC1=C2C[C@H]3[C@@H](CC=C4C[C@@H](O)CC[C@@]43C)[C@@H]2CC[C@]12O[C@@H]1C[C@H](C)CN[C@H]1[C@H]2C,Cyclopamine,L-540,4.258145
32664,502443,CC1CC(=O)Nc2cccc(-c3ccc4c(c3)c(-c3cnn(C)c3)nn4C)c2N1,CPI-637,MN-60,3.784313
39147,241270,CC1CN(CC(=O)Nc2ccc3c(c2)Cc2cccc(-c4cc(=O)cc(N5CCOCC5)o4)c2S3)CC(C)O1,KU-60019,647-V,2.880392
7493,289312,CC1COCCN1c1cc(C2(S(C)(=N)=O)CC2)nc(-c2cncc3[nH]ccc23)n1,AZD6738,LN-229,0.808101
41183,43006,CC=C(C)C(=O)O[C@H]1C(C)=C2[C@H]([C@@H]1OC(=O)CCCCCCC)[C@@](C)(OC(C)=O)C[C@H](OC(=O)CCC)[C@@]1(O)[C@H]2OC(=O)[C@@]1(C)O,Thapsigargin,VMRC-RCW,-4.915587
12606,426526,CC=C1NC(=O)[C@H]2CSSCCC=C[C@H](CC(=O)N[C@H](C(C)C)C(=O)N2)OC(=O)[C@H](C(C)C)NC1=O,Romidepsin,MHH-PREB-1,-5.396651
30835,463027,CCC(=C(c1ccc(C=CC(=O)O)cc1)c1ccc2[nH]ncc2c1)c1ccc(F)cc1Cl,GDC0810,COLO-680N,5.949222
8575,331087,CCC(=O)N1CCOc2c(cc(-c3ccc(OC)c(OC)c3)cc2OC[C@H]2CCCN(C)C2)C1,I-CBP112,KNS-62,5.386394
7046,382521,CCC(=O)Nc1cccc(Oc2nc(Nc3ccc(N4CCN(C)CC4)cc3OC)ncc2Cl)c1,WZ4003,SK-MEL-31,5.713852
25518,468369,CCC(=O)OCN1C(=O)C=CC1=O,MIRA-1,OSC-19,4.264692
10615,175148,CCC(C)CNCC(=O)N1CCc2sccc2C1COc1cccc(C)c1,RU-SKI 43,PCI-15A,5.088557
18325,14714,CCC(CO)Nc1nc(NCc2ccccc2)c2ncn(C(C)C)c2n1,Seliciclib,JiyoyeP-2003,2.295208
33962,19972,CCC1=C[C@@H]2C[N@](C1)Cc1c([nH]c3ccccc13)[C@@](C(=O)OC)(c1cc3c(cc1OC)N(C)[C@H]1[C@@](O)(C(=O)OC)[C@H](OC(C)=O)[C@@]4(CC)C=CCN5CC[C@]31[C@@H]54)C2,Vinorelbine,MDA-MB-453,-2.772108
8448,51630,CCCC=CC=CC(=O)OC1C(=CC(=O)OC)CC2CC(C(C)O)OC(=O)CC(O)CC3CC(OC(C)=O)C(C)(C)C(O)(CC4CC(=CC(=O)OC)CC(C=CC(C)(C)C1(O)O2)O4)O3,Bryostatin 1,HCC-44,-4.524449
28642,6121,CCCCC(C=O)NC(=O)C(CC(C)C)NC(=O)C(CC(C)C)NC(=O)OCc1ccccc1,Z-LLNle-CHO,NCI-H748,0.540005
9274,36857,CCCCCCCCCCCC1C(=O)C(=O)CC(=O)C1=O,Embelin,NB13,2.671637
7867,169855,CCCCCCCCc1ccc(CCC(N)(CO)CO)cc1.Cl,FTY-720,P32-ISH,1.871229
33633,373636,CCCOc1ccn2c(C(C)=O)cc(-c3ccccc3S(C)(=O)=O)c2c1,GSK2801,IST-MES1,5.60735
18411,203747,CCCS(=O)(=O)Nc1ccc(F)c(C(=O)c2c[nH]c3ncc(Cl)cc23)c1F,PLX-4720,ASH-3,4.774354
9318,391071,CCCc1cc(C)[nH]c(=O)c1CNC(=O)c1cc(-c2ccnc(N3CCN(C)CC3)c2)cc2c1cnn2C(C)C,GSK343,LB831-BLC,2.520748
19232,211319,CCN(CC)CCCCNc1ncc2cc(-c3cc(OC)cc(OC)c3)c(NC(=O)NC(C)(C)C)nc2n1,PD173074,SK-MEL-2,3.690598
36503,875,CCN(CC)CCNC(=O)c1c(C)[nH]c(C=C2C(=O)Nc3ccc(F)cc32)c1C,Sunitinib,GI-ME-N,4.97111
8181,107416,CCN1CCC(n2cc(CNc3cc(Cl)c4ncc(C#N)c(Nc5ccc(F)c(Cl)c5)c4c3)nn2)CC1,KIN001-266,CS1,2.506995
33532,29622,CCN1CCN(Cc2ccc(NC(=O)c3ccc(C)c(C=Cc4cnc5[nH]ccc5c4OC)c3)cc2C(F)(F)F)CC1,HG6-64-1,NCI-H520,-0.118367
13204,82679,CCN1CCN(Cc2ccc(NC(=O)c3ccc(C)c(Oc4ccnc5[nH]ccc45)c3)cc2C(F)(F)F)CC1,NG-25,OCUB-M,1.648169
7535,389019,CCNC(=O)C[C@@H]1N=C(c2ccc(Cl)cc2)c2cc(OC)ccc2-n2c(C)nnc21,I-BET-762,DND-41,2.063221
24261,146252,CCNC(=O)Nc1ncc(-c2cc(-c3c(C)cc(OC)cc3C)nc(-c3cnccn3)n2)s1,LIMK1 inhibitor BMS4,NCI-H2595,6.04095
16715,49430,CCNC(=O)c1noc(-c2cc(C(C)C)c(O)cc2O)c1-c1ccc(CN2CCOCC2)cc1,Luminespib,A2780,-5.017289
37250,7619,CCNc1cc(NC2CCC(O)CC2)nc(Nc2ccc3c(ccn3Cc3ccccc3)c2)n1,CGP-082996,HH,2.137691
8285,264210,CCOC(=O)CCNc1cc(N2CCc3ccccc3CC2)nc(-c2ccccn2)n1,GSK-J4,OE21,4.384688
23999,374708,CCOC(=O)Nc1cc(-c2ccc(C)c(NS(C)(=O)=O)c2)nn2c(C)nnc12,Bromosporine,AMO-1,0.40409
38173,236457,CCOc1cc(N2CCC(O)CC2)ccc1Nc1ncc2c(n1)N(C)c1ccccc1C(=O)N2C,XMD8-92,DOK,2.534858
7167,98545,CCOc1cc2ncc(C#N)c(Nc3ccc(F)c(Cl)c3)c2cc1NC(=O)C=CCN(C)C,Pelitinib,NCI-H2122,3.064696
6626,170727,CCOc1ccccc1NN=C1C(=O)N(c2nc(-c3ccccc3)cs2)N=C1C,BAM7,WM793B,4.546176
38973,207836,CCOc1nc(NC(=O)Cc2cc(OC)ccc2OC)cc(N)c1C#N,JNK Inhibitor VIII,COLO-679,5.091685
36528,343791,CC[C@@H]1C(=O)N(C)c2cnc(Nc3ccc(C(=O)NC4CCN(C)CC4)cc3OC)nc2N1C1CCCC1,BI-2536,A253,0.383966
38112,420259,CC[C@@]1(O)C(=O)OCc2c1cc1n(c2=O)Cc2cc3c(CN(C)C)c(O)ccc3nc2-1,Topotecan,BPH-1,-1.653514
18673,332005,CC[C@@]1(O)C(=O)OCc2c1cc1n(c2=O)Cc2cc3ccccc3nc2-1,Camptothecin,HOP-62,-2.561103
15284,73496,CC[C@H](Nc1ncnc2[nH]cnc12)c1nc2cccc(F)c2c(=O)n1-c1ccccc1,Idelalisib,DMS-53,5.799699
22606,176984,CC[C@]1(O)C[C@@H]2CN(CCc3c([nH]c4ccccc34)[C@@](C(=O)OC)(c3cc4c(cc3OC)N(C)[C@H]3[C@@](O)(C(=O)OC)[C@H](OC(C)=O)[C@]5(CC)C=CCN6CC[C@]43[C@@H]65)C2)C1,Vinblastine,PCI-15A,-1.60755
6063,322179,CCc1c2c(nc3ccc(O)cc13)-c1cc3c(c(=O)n1C2)COC(=O)[C@]3(O)CC,SN-38,451Lu,-3.567796
3527,344681,CCc1c2c(nc3ccc(OC(=O)N4CCC(N5CCCCC5)CC4)cc13)-c1cc3c(c(=O)n1C2)COC(=O)[C@]3(O)CC,Irinotecan,CAKI-1,2.301511
28852,237957,CCc1cc(-c2n[nH]c(C)c2-c2ccc3c(c2)OCCO3)c(O)cc1O,CCT-018159,MMAc-SF,3.66031
12833,54567,CCc1cc(Nc2nccc(-c3c(-c4ccc(OC)c(C(=O)Nc5c(F)cccc5F)c4)nc4ccccn34)n2)c(OC)cc1N1CCC(N2CCN(S(C)(=O)=O)CC2)CC1,GSK1904529A,TE-10,1.48995
37896,98243,CCc1cc2c(cc1N1CCC(N3CCOCC3)CC1)C(C)(C)c1[nH]c3cc(C#N)ccc3c1C2=O,Alectinib,NCI-H2731,2.388767
20630,229830,CCc1cncnc1N1CCN(Cc2nc3ccc(C(F)(F)F)cc3[nH]2)CC1,PF-4708671,HuO-3N1,4.381275
25751,351691,CCc1cnn2c(NCc3ccc[n+]([O-])c3)cc(N3CCCC[C@H]3CCO)nc12,Dinaciclib,BE2-M17,-1.061377
37956,63308,CCc1nc(-c2cccc(C)c2)c(-c2ccnc(NC(=O)c3ccccc3)c2)s1,TAK-715,OCI-AML5,2.52946
4839,10993,CCc1nc(N)nc(N)c1-c1ccc(Cl)cc1,Pyrimethamine,EJM,4.806413
22407,124749,CCn1c(-c2nonc2N)nc2c(C#CC(C)(C)O)ncc(OC[C@H]3CCCNC3)c21,GSK690693,FLO-1,4.018901
31190,245184,CCn1c(-c2nonc2N)nc2cnc(Oc3cccc(NC(=O)c4ccc(OCCN5CCOCC5)cc4)c3)cc21,GSK269962A,SK-MEL-3,4.285778
21103,141424,CCn1c(=O)c(-c2cc[nH]n2)cc2c(C)nc(N)nc21,Voxtalisib,NCCIT,4.015921
22232,466190,CCn1cc(-c2cccc(C(F)(F)F)c2)c2sc(C(=N)NC3CCS(=O)(=O)CC3)cc2c1=O,I-BRD9,CHL-1,4.451198
35381,67360,CCn1cc(-c2ccnc3[nH]c(-c4cccc(CN(C)C)c4)cc23)c(-c2ccc(NC(=O)N(C)C)cc2)n1,GSK1070916,NH-12,-0.994015
7579,311551,CCn1nc(C2CCN(C(=O)CCO)CC2)nc1-c1cnc(N)c(-c2nnc(C(C)(C)C)o2)n1,AZD8835,LCLC-103H,4.893324
38124,395259,CN(C)C(=O)c1cc2cnc(Nc3ccc(N4CCNCC4)cn3)nc2n1C1CCCC1,Ribociclib,TT2609-C02,5.023191
11846,282878,CN(C)CC=CC(=O)Nc1cc2c(Nc3ccc(F)c(Cl)c3)ncnc2cc1O[C@H]1CCOC1,Afatinib,NCI-H2803,4.361058
32095,235765,CN(C)CC=CC(=O)Nc1ccc(C(=O)Nc2cccc(Nc3nccc(-c4cccnc4)n3)c2)cc1,ZG-10,SIMA,2.630321
14804,236708,CN(C)CC=CC(=O)Nc1cccc(C(=O)Nc2cccc(Nc3nccc(-c4cccnc4)n3)c2)c1,THZ-2-98-01,HuP-T3,5.222153
4668,131825,CN(C)CCCCC(=O)Nc1ccc(NC(=S)NC(=O)c2ccc(C(C)(C)C)cc2)cc1,Tenovin-6,NCI-H1944,2.102547
5281,219686,CN(C)CCOc1ccc(-c2nc(=c3ccc4c(c3)CCC=4N=O)c(=C3C=CNC=C3)[nH]2)cc1,SB590885,KU812,1.998201
39691,453080,CN(C)CC[C@H](CSc1ccccc1)Nc1ccc(S(=O)(=O)NC(=O)c2ccc(N3CCN(Cc4ccccc4-c4ccc(Cl)cc4)CC3)cc2)cc1[N+](=O)[O-],ABT737,RH-41,0.288872
10160,97128,CN(C)Cc1cccc(NC(=C2C(=O)Nc3cc(C(=O)N(C)C)ccc32)c2ccccc2)c1,BIX02189,SK-UT-1,5.058003
20551,425026,CN(C)N=Nc1[nH]cnc1C(N)=O,Dacarbazine,HLE,5.112492
38762,180472,CN(Cc1cnc2nc(N)nc(N)c2n1)c1ccc(C(=O)NC(CCC(=O)O)C(=O)O)cc1,Methotrexate,OE19,-0.300013
15439,200220,CN(NC(=O)CC(=O)NN(C)C(=S)c1ccccc1)C(=S)c1ccccc1,Elesclomol,ES7,-4.832601
2814,28786,CN(c1ncccc1CNc1nc(Nc2ccc3c(c2)CC(=O)N3)ncc1C(F)(F)F)S(C)(=O)=O,PF-562271,NCI-H1755,2.911597
27225,156214,CN1CCC(c2c(O)cc(O)c3c(=O)cc(-c4ccccc4Cl)oc23)C(O)C1,Flavopiridol,NCI-H1869,-0.814267
2824,5263,CN1CCN(CCOc2cc(OC3CCOCC3)c3c(Nc4c(Cl)ccc5c4OCO5)ncnc3c2)CC1,Saracatinib,KARPAS-45,1.457863
30879,89520,CN1CCN(c2ccc([N+](=O)[O-])c3no[n+]([O-])c23)CC1,NSC-207895,NCI-H187,2.325457
2220,87208,CN1CCc2c(c3ccccc3n2Cc2ccc(C(=O)NO)cc2)C1,Tubastatin A,NCI-H1573,5.645282
493,363964,CNC(=O)CN1CCC(Oc2cc3c(Nc4cccc(Cl)c4F)ncnc3cc2OC)CC1,Sapitinib,SW1271,6.007395
31052,123029,CNC(=O)Nc1ccc(-c2nc(N3CC4CCC(C3)O4)c3cnn(C4CCC5(CC4)OCCO5)c3n2)cc1,WYE-125132,SK-N-SH,3.922155
39232,342777,CNC(=O)c1cc(Oc2ccc(NC(=O)Nc3ccc(Cl)c(C(F)(F)F)c3)cc2)ccn1,Sorafenib,TE-1,3.609051
33731,233050,CNC(=O)c1ccc(Nc2cc(Nc3ccccc3S(=O)(=O)C(C)C)c3cc[nH]c3n2)nc1,HG-5-113-01,CADO-ES1,2.194833
35780,310191,CNC(=O)c1cccc(-c2ccc3c(N4CCOC[C@@H]4C)nc(N4CCOC[C@@H]4C)nc3n2)c1,AZD2014,PANC-03-27,-0.450418
17098,192626,CNC(=O)c1ccccc1Sc1ccc2c(C=Cc3ccccn3)n[nH]c2c1,Axitinib,LAN-6,2.487663
4455,302294,CNC(C)C(=O)NC(C(=O)N1CCCC1C(=O)NC1c2ccccc2CC1OCC#CC#CCOC1Cc2ccccc2C1NC(=O)C1CCCN1C(=O)C(NC(=O)C(C)NC)C1CCCCC1)C1CCCCC1,AZD5582,RCC-JW,-2.053699
40773,238371,CNCc1ccc(-c2[nH]c3cc(F)cc4c3c2CCNC4=O)cc1,Rucaparib,BB30-HNC,2.646832
34572,382063,CNCc1ccc(-c2cc(-c3nc(-c4ccc(S(=O)(=O)C(C)C)cc4)cnc3N)on2)cc1,VE-822,RCC-AB,5.43784
21884,365147,CN[C@@H](C)C(=O)N[C@H](C(=O)N1CCC[C@H]1c1nc(C(=O)c2ccc(F)cc2)cs1)C1CCCCC1,LCL161,RPMI-8226,4.50261
29709,333865,CN[C@@H]1C[C@@]2(C)O[C@@H]([C@@H]1OC)n1c3ccccc3c3c4c(c5c6ccccc6n2c5c31)C(=O)NC4,Staurosporine,ES7,-2.928734
25599,32951,COC(=O)C(CCSC)NC(=O)c1ccc(NCC(N)CS)cc1-c1ccccc1,FTI-277,COR-L88,3.458865
12665,32157,COC(=O)CNC(=O)C(=O)OC,DMOG,IPC-298,7.157081
956,433534,COC(=O)NC1(NC(=O)OC)NC(=O)c2cc(OC)c(OC)c(OC)c2N1,Gallibiscoquinazole,FADU,2.577962
31977,142890,COC(=O)c1ccc2c(C(=Nc3ccc(N(C)C(=O)CN4CCN(C)CC4)cc3)c3ccccc3)c(O)[nH]c2c1,BIBF-1120,NCI-H1770,1.740186
7665,463897,COC1(c2sc3c(N4CCOCC4)nc(-c4cnc(N)nc4)nc3c2C)COC1,GNE-317,CAPAN-1,2.529484
8753,578,COC1CC2CCC(C)C(O)(O2)C(=O)C(=O)N2CCCCC2C(=O)OC(C(C)CC2CCC(O)C(OC)C2)CC(=O)C(C)C=C(C)C(O)C(OC)C(=O)C(C)CC(C)C=CC=CC=C1C,Rapamycin,NCI-H524,-2.025165
14049,78790,COCC(=O)NCC=Cc1ccc2ncnc(Nc3ccc(Oc4ccc(C)nc4)c(C)c3)c2c1,CP724714,A549,5.246831
12023,473931,COCCn1c2c([n+](Cc3cnccn3)c1C)C(=O)c1ccccc1C2=O.[Br-],Sepantronium bromide,ROS-50,-6.032344
36471,348158,COC[C@@]1(CO)C(=O)[C@H]2CC[N@@]1CC2,PRIMA-1MET,RVH-421,5.968351
1609,166043,CON(C)C(=O)N1N=C(c2cc(F)ccc2F)SC1(CCCN)c1ccccc1,ARRY-520,EW-16,-4.606248
22963,24454,CO[C@@H]1[C@H](N(C)C(=O)c2ccccc2)C[C@H]2O[C@]1(C)n1c3ccccc3c3c4c(c5c6ccccc6n2c5c31)C(=O)NC4,Midostaurin,SCC-9,-0.35741
11502,19031,CO[C@@]12[C@@H]3NC3CN1C1=C(C(=O)C(N)=C(C)C1=O)[C@@H]2COC(N)=O,Mitomycin-C,HEL,-1.962223
19853,187374,CO[C@H]1C[C@H]2CC[C@@H](C)[C@@](O)(O2)C(=O)C(=O)N2CCCC[C@H]2C(=O)O[C@H]([C@H](C)C[C@@H]2CC[C@H](OC(=O)C(C)(CO)CO)[C@H](OC)C2)CC(=O)[C@H](C)C=C(C)[C@@H](O)[C@@H](OC)C(=O)[C@H](C)C[C@H](C)C=CC=CC=C1C,Temsirolimus,NCI-H2085,-3.235009
15267,489711,COc1c(C)c2c(c(O)c1CC=C(C)CCC(=O)O)C(=O)OC2,Mycophenolic acid,NCI-H446,0.650716
37058,7891,COc1cc(-c2nn(C3CCC(N4CCN(C(C)=O)CC4)CC3)c3ncnc(N)c23)ccc1NC(=O)c1cc2ccccc2n1C,A-770041,NCI-H1838,4.218289
39914,259005,COc1cc(/C=C/C(=O)N2CCC=CC2=O)cc(OC)c1OC,Piperlongumine,HCC2218,2.466229
34601,337309,COc1cc(=C2C=c3ccccc3=N2)[nH]c1=Cc1[nH]c(C)cc1C.CS(=O)(=O)O,Obatoclax Mesylate,MLMA,0.453668
6338,235179,COc1cc(C(=O)N2CCC(N3CCN(C)CC3)CC2)ccc1Nc1ncc2c(n1)N(C)c1ccccc1C(=O)N2C,XMD11-50,EW-24,2.704662
23881,80665,COc1cc(C(=O)NC2CCN(C)CC2)ccc1Nc1ncc2c(n1)N(C1CCCC1)C(C)CC(=O)N2C,NPK76-II-72-1,COR-L105,3.04705
26560,235482,COc1cc(C(=O)NC2CCN(C)CC2)ccc1Nc1ncc2c(n1)N(C1CCCC1)CCC(=O)N2C(C)C,XMD11-85h,22RV1,3.160981
4707,10242,COc1cc(C)c(Sc2cnc(NC(=O)c3ccc(CNC(C)C(C)(C)C)cc3)s2)cc1C(=O)N1CCN(C(C)=O)CC1,BMS-509744,WIL2-NS,2.561055
3450,429934,COc1cc(C2c3cc4c(cc3C(Br)C3COC(=O)C23)OCO4)cc(OC)c1OC,Podophyllotoxin bromide,CFPAC-1,1.055778
41247,415100,COc1cc(CCc2cc(NC(=O)c3ccc(N4C[C@@H](C)N[C@@H](C)C4)cc3)n[nH]2)cc(OC)c1,AZD4547,GB-1,1.052178
12611,185906,COc1cc(F)c(F)c(Nc2ccc(I)cc2F)c1NS(=O)(=O)C1(C[C@H](O)CO)CC1,Refametinib,NCI-H508,-0.828643
32712,233831,COc1cc(N2CCC(C(N)=O)CC2)ccc1Nc1nc(N)c(Cl)c(Nc2ccccc2S(=O)(=O)C(C)C)n1,HG-5-88-01,NCI-H2803,3.716821
27062,4451,COc1cc(N2CCC(N3CCN(C)CC3)CC2)ccc1Nc1ncc(Cl)c(Nc2ccccc2S(=O)(=O)C(C)C)n1,NVP-TAE684,IST-MEL1,1.56869
19719,109906,COc1cc(N2CCC(O)CC2)ccc1Nc1cc(Nc2ccccc2S(=O)(=O)C(C)C)c2cc[nH]c2n1,MPS-1-IN-1,TGBC24TKB,2.003209
30402,77510,COc1cc(N2CCN(C)CC2)ccc1Nc1nc(N)c(C(=O)c2c(Cl)cccc2Cl)s1,XMD14-99,NCI-H2023,5.188555
37375,14366,COc1cc(N2CCN(C)CC2)ccc1Nc1ncc2c(n1)N(C)c1ccccc1C(=O)N2C,XMD8-85,NALM-6,1.631678
3711,190210,COc1cc(Nc2c(C#N)cnc3cc(OCCCN4CCN(C)CC4)c(OC)cc23)c(Cl)cc1Cl,Bosutinib,BB30-HNC,-0.414382
3603,154981,COc1cc(Nc2ncc3c(n2)-c2ccc(Cl)cc2C(c2c(F)cccc2OC)=NC3)ccc1C(=O)O,Alisertib,Mewo,3.625146
2347,258486,COc1cc(O)c2c(c1)C=CCC(O)C(O)C(=O)C=CCC(C)OC2=O,(5Z)-7-Oxozeaenol,SW872,-3.155502
2250,389463,COc1cc(OC)c2c(=O)nc(-c3cc(C)c(OCCO)c(C)c3)[nH]c2c1,RVX-208,HuH-7,5.720662
17858,79531,COc1cc(OC)cc(-c2ccc3ncc4ccc(=O)n(-c5ccc(N6CCNCC6)c(C(F)(F)F)c5)c4c3c2)c1,JW-7-24-1,5637,1.595768
15004,421137,COc1cc([C@@H]2c3cc4c(cc3C(O[C@@H]3O[C@@H]5CO[C@@H](c6cccs6)OC5[C@H](O)[C@H]3O)C3COC(=O)[C@@H]32)OCO4)cc(OC)c1O,Teniposide,PL4,0.897927
5542,17803,COc1cc([C@@H]2c3cc4c(cc3[C@@H](O[C@@H]3O[C@@H]5CO[C@@H](C)O[C@H]5[C@H](O)[C@H]3O)[C@H]3COC(=O)[C@H]23)OCO4)cc(OC)c1O,Etoposide,KP-3,4.008185
27222,482176,COc1cc2c(NC3CCN(C(C)C)CC3)nc(C3CCCCC3)nc2cc1OCCCN1CCCC1,UNC0638,MS751,4.354931
33368,267493,COc1cc2c(NC3CCN(C(C)C)CC3)nc(N3CCC(F)(F)CC3)nc2cc1OCCCN1CCCC1,UNC0642,UMC-11,1.455327
890,212561,COc1cc2c(Nc3ccc(NC(=O)c4ccccc4)cc3)ncnc2cc1OCCCN1CCOCC1,ZM447439,THP-1,3.637404
19482,119340,COc1cc2c(Oc3ccc(NC(=O)C4(C(=O)Nc5ccc(F)cc5)CC4)cc3F)ccnc2cc1OCCCN1CCOCC1,Foretinib,ES5,-1.637179
36940,461077,COc1cc2c(Oc3ccc4[nH]c(C)cc4c3F)ncnc2cc1OCCCN1CCCC1,Cediranib,NCI-H322M,1.38762
32003,254919,COc1cc2c(cc1-c1c(C)noc1C)ncc1[nH]c(=O)n([C@H](C)c3ccccn3)c12,I-BET-151,NH-12,2.579175
11479,445613,COc1cc2c(cc1NS(=O)(=O)c1ccc(Br)cc1C)n(C)c(=O)n2C,OF-1,AU565,3.806611
34403,431648,COc1cc2c(cc1OC)C1C(=O)c3ccc4c(c3OC1CO2)CC(C(C)C)O4,Dihydrorotenone,8505C,3.130126
23524,501447,COc1cc2c(cc1OCCCN1CCCC1)N=C(N)C21CCC1,A-366,SK-N-FI,5.261287
14088,441089,COc1cc2c3c(n(CCCNCCO)c(=O)c2cc1OC)-c1cc2c(cc1C3=O)OCO2,LMP744,KMRC-20,-0.72813
1631,503560,COc1cc2nc(N3CCCC3)nc(NCCCCCN3CCCC3)c2cc1OC,UNC0379,KARPAS-1106P,1.535229
3660,75627,COc1cc2nccc(Oc3ccc(NC(=O)C4(C(=O)Nc5ccc(F)cc5)CC4)cc3)c2cc1OC,Cabozantinib,EW-24,3.845483
14619,122928,COc1cc2nccc(Oc3ccc(NC(=O)Nc4cc(C)on4)c(Cl)c3)c2cc1OC,Tivozanib,WIL2-NS,-1.328607
24718,12101,COc1cc2ncn(-c3cc(OCc4ccccc4C(F)(F)F)c(C(N)=O)s3)c2cc1OC,GW843682X,KNS-81-FD,-0.410253
9096,13033,COc1cc2ncn(-c3cc(OCc4ccccc4S(C)(=O)=O)c(C#N)s3)c2cc1OC,GSK319347A,HCC2157,2.792017
24684,23571,COc1cc2ncnc(-n3nc(-c4ccccn4)nc3N)c2cc1OC,CP466722,SW1710,1.923333
33312,104663,COc1cc2ncnc(Nc3cc(Br)c(O)c(Br)c3)c2cc1OC,WHI-P97,PCI-6A,4.402743
28410,137084,COc1cc2ncnc(Nc3ccc(F)c(Cl)c3)c2cc1NC(=O)C=CCN1CCCCC1,PF-00299804,UACC-812,2.089924
33684,182310,COc1cc2ncnc(Nc3ccc(F)c(Cl)c3)c2cc1OCCCN1CCOCC1,Gefitinib,YAPC,2.085956
2,456659,COc1cc2ncnc(Nc3cccc(Cl)c3F)c2cc1OC(=O)N1CCN(C)CC1C,AZD3759,COLO-684,2.594046
17833,40694,COc1ccc(-c2cc3nccn3c(Nc3ncccc3C(N)=O)n2)cc1OC,BAY-61-3606,SK-MEL-28,3.869898
10662,217911,COc1ccc(-c2ccc3c(N4CCOC[C@@H]4C)nc(N4CCOC[C@@H]4C)nc3n2)cc1CO,AZD8055,MPP-89,-0.869135
30012,472418,COc1ccc(-n2c(SCCCN3C(=O)c4cccc5cccc(c45)C3=O)nnc2-c2ccncc2)cc1,WIKI4,KMOE-2,2.031702
16808,256473,COc1ccc(C(=O)CC2(O)C(=O)Nc3c(Cl)ccc(Cl)c32)cc1,YK-4-279,TE-15,2.764018
90,374996,COc1ccc(CCc2nc3cc(-c4c(C)noc4C)ccc3n2C[C@H](C)N2CCOCC2)cc1Cl,SGC-CBP30,COLO-792,4.459499
20849,49077,COc1ccc(COc2ccc(Cc3cnc(N)nc3N)cc2OC)cc1,GW-2580,KMRC-1,5.23056
38572,139826,COc1ccc(Cl)c(Nc2nc3ccccc3nc2NS(=O)(=O)c2cccc(NC(=O)C(C)(C)N)c2)c1,Pilaralisib,MKN45,2.770251
40870,386635,COc1ccc(Cn2ccc3ccc(C(=O)NO)cc32)cc1,PCI-34051,MS-1,4.475935
9906,8406,COc1ccc(N(C(=O)Oc2c(C)cccc2C)c2ccnc(Nc3ccc(N4CCN(C)CC4)cc3)n2)c(OC)c1,WH-4-023,H9,2.79092
14446,480549,COc1ccc2ccccc2c1Cn1cnc2sc3c(c2c1=O)CCC(NCc1cccnc1)C3,ICL-SIRT078,KM-H2,2.892547
26724,379554,COc1cccc2c1=NC(=c1nc(C3CCC(C(=O)O)CC3)n3c1=C(N)N=CN3)C=2,OSI-027,GCIY,0.827102
25776,361853,COc1cccc2c1C(=O)c1c(O)c3c(c(O)c1C2=O)C[C@@](O)(C(=O)CO)C[C@@H]3O[C@H]1C[C@H](N)[C@@H](O)[C@H](C)O1,Epirubicin,OACM5-1,-1.699001
38481,16888,COc1cccc2c1C(=O)c1c(O)c3c(c(O)c1C2=O)C[C@@](O)(C(=O)CO)C[C@H]3O[C@H]1C[C@H](N)[C@H](O)[C@H](C)O1,Doxorubicin,CAL-29,-2.193473
1,506832,COc1ccccc1S(=O)(=O)Nc1ccc2c(c1)CN(C)C(=O)N2,PFI-1,J82,4.263969
38993,88259,COc1nc(C)cnc1NS(=O)(=O)c1cccnc1-c1ccc(-c2nnco2)cc1,Zibotentan,A101D,6.024044
7277,424423,COc1nc(N)nc2c1ncn2[C@@H]1O[C@H](CO)[C@@H](O)[C@@H]1O,Nelarabine,PF-382,2.301708
22463,100166,COc1ncc(-c2ccc3nccc(-c4ccnnc4)c3c2)cc1NS(=O)(=O)c1ccc(F)cc1F,Omipalisib,Hs-939-T,-1.02944
39936,397248,COc1nnc2ccc(N3CCC(c4ccc(OCCN5CCN(C)C(=O)C5C)cc4)CC3)nn12,AZD5153,NCI-H1623,2.475021
37582,366772,CS(=O)(=O)CCNCc1ccc(-c2ccc3ncnc(Nc4ccc(OCc5cccc(F)c5)c(Cl)c4)c3c2)o1,Lapatinib,JHOS-3,2.685051
30521,328868,CS(=O)(=O)N1CCN(Cc2cc3nc(-c4cccc5[nH]ncc45)nc(N4CCOCC4)c3s2)CC1,Pictilisib,HT-1197,0.300198
17164,59852,CS(=O)(=O)O.Cc1ccc(C(=O)N(CCCN)C(c2nc3cc(Cl)ccc3c(=O)n2Cc2ccccc2)C(C)C)cc1,Ispinesib Mesylate,DMS-79,0.616154
28562,496182,CS(=O)(=O)c1ccc(-c2cnc(N)c(C(=O)Nc3ccccc3)n2)cc1,VE821,RCH-ACV,0.749436
9660,202832,CS(=O)(=O)c1ccc(C(=O)Nc2ccc(Cl)c(-c3ccccn3)c2)c(Cl)c1,Vismodegib,FU97,4.322056
38134,121028,C[C@@H](N)c1ccc(C(=O)Nc2ccnc3[nH]ccc23)cc1,Y-39983,KM-H2,4.582498
13770,341612,C[C@@H](Oc1cc(-c2cnn(C3CCNCC3)c2)cnc1N)c1c(Cl)ccc(F)c1Cl,Crizotinib,RCH-ACV,0.569073
38246,240180,C[C@@H]1COCCN1c1cc(C2(S(C)(=O)=O)CC2)nc(-c2cccc3[nH]ccc23)n1,AZ20,VMRC-LCD,0.854197
16997,505744,C[C@@]1(C(=O)Nc2ccc(F)nc2)CCCN1c1nc(Nc2cc(C3CC3)n[nH]2)c2cccn2n1,BMS-754807,TE-4,5.233032
17154,189521,C[C@@]1(c2nc3c(C(N)=O)cccc3[nH]2)CCCN1,Veliparib,G-401,4.254165
4275,45316,C[C@]1(O)C[C@@H](c2nc(-c3ccc4ccc(-c5ccccc5)nc4c3)c3c(N)nccn32)C1,Linsitinib,SNU-423,0.667558
8159,426093,C[C@]12CC[C@@H]3c4ccc(O)cc4C[C@@H](CCCCCCCCCS(=O)CCCC(F)(F)C(F)(F)F)[C@@H]3[C@H]1CC[C@@H]2O,Fulvestrant,H3255,6.248274
8413,195545,C[C@]12O[C@H](C[C@]1(O)CO)n1c3ccccc3c3c4c(c5c6ccccc6n2c5c31)CNC4=O,Lestaurtinib,KMRC-20,-0.88374
30028,1182,Cc1[nH]c(C=C2C(=O)Nc3ccc(S(=O)(=O)Cc4c(Cl)cccc4Cl)cc32)c(C)c1C(=O)N1CCC[C@@H]1CN1CCCC1,PHA-665752,HCC2218,4.599962
28702,101728,Cc1[nH]c(C=C2C(=O)Nc3ccc(S(=O)(=O)N(C)c4cccc(Cl)c4)cc32)c(C)c1C(=O)N1CCN(C)CC1,SU11274,COLO-320-HSR,4.438688
1927,159233,Cc1[nH]c2ccccc2c1CCNCc1ccc(C=CC(=O)NO)cc1,Panobinostat,KP-4,-2.193717
28886,145552,Cc1c(CN2CCN(C(=O)C(C)O)CC2)sc2c(N3CCOCC3)nc(-c3cnc(N)nc3)nc12,Apitolisib,OACp4C,-1.524229
19486,47062,Cc1c(N)nc(C(CC(N)=O)NCC(N)C(N)=O)nc1C(=O)NC(C(=O)NC(C)C(O)C(C)C(=O)NC(C(=O)NCCc1nc(-c2nc(C(=O)NCCC[S+](C)C)cs2)cs1)C(C)O)C(OC1OC(CO)C(O)C(O)C1OC1OC(CO)C(O)C(OC(N)=O)C1O)c1cnc[nH]1,Bleomycin,WM-115,0.851931
30397,403568,Cc1c2c(nn1C)CSCc1cc(n(C)n1)CSc1cc(c3ccccc3c1)OCCCc1c(C(=O)O)n(C)c3c-2c(Cl)ccc13,AZD5991,NCI-H1781,4.862089
25998,453583,Cc1c2oc3c(C)ccc(C(=O)N[C@@H]4C(=O)N[C@H](C(C)C)C(=O)N5CCC[C@H]5C(=O)N(C)CC(=O)N(C)[C@@H](C(C)C)C(=O)O[C@@H]4C)c3nc-2c(C(=O)N[C@@H]2C(=O)N[C@H](C(C)C)C(=O)N3CCC[C@H]3C(=O)N(C)CC(=O)N(C)[C@@H](C(C)C)C(=O)O[C@@H]2C)c(N)c1=O,Dactinomycin,HuO9,-6.068896
35808,25190,Cc1c[nH]c(-c2cnc(NCCNc3ccc(C#N)cc3)nc2-c2ccc(Cl)cc2Cl)n1,CHIR-99021,JEG-3,3.233398
28227,174258,Cc1cc(-c2ccc(CC(=O)Nc3ccc(-c4cccnc4)cc3)cc2)ccn1,Wnt-C59,TOV-21G,2.876122
34654,380671,Cc1cc(-c2ncc(CC(=O)Nc3ccc(-c4cnccn4)cn3)cc2C)ccn1,LGK974,OS-RC-2,4.271918
27939,13390,Cc1cc(C(C)Nc2ccccc2)c2nc(N3CCOCC3)cc(=O)n2c1,TGX221,ES5,5.015914
4641,147581,Cc1cc(CS(=O)(=O)c2ccccc2)cc(OCc2ccc(CN3CCCC3CO)cc2)c1,Sphingosine Kinase 1 Inhibitor II,SK-MEL-28,3.202087
34690,493531,Cc1cc(N2CC(C)NC(C)C2)ncc1-c1ccc(-c2nc3c(ccn3C)c(=O)[nH]2)cc1,AZ6102,KYSE-70,3.94396
19262,227403,Cc1cc(N2CCOCC2)cc2[nH]c(-c3c(NC[C@@H](O)c4cccc(Cl)c4)cc[nH]c3=O)nc12,BMS-536924,Hs-940-T,3.381263
29749,3568,Cc1cc(Nc2cc(N3CCN(C)CC3)nc(Sc3ccc(NC(=O)C4CC4)cc3)n2)n[nH]1,Tozasertib,HA7-RCC,0.418536
34866,357720,Cc1cc(Nc2nc(N[C@@H](C)c3ccc(F)cc3)c(C#N)cc2F)n[nH]1,AZ960,OVCAR-3,4.036182
2100,305392,Cc1cc(Nc2nc(N[C@@H](C)c3ncc(F)cn3)ncc2Cl)n[nH]1,AZD1480,MEL-JUSO,1.520148
27531,221771,Cc1cc([C@@H](C)Nc2ccccc2C(=O)O)c2nc(N3CCOCC3)cc(=O)n2c1,AZD6482,NB14,1.647977
29538,37240,Cc1cc([N+](=O)[O-])ccc1NS(=O)(=O)c1cc(Cl)ccc1Cl,FH535,NCI-H23,3.655707
9565,443841,Cc1cc2c(C(=O)NCC(C)c3ccccc3)c(O)c(O)cc2c(O)c1-c1c(C)cc2c(C(=O)NCC(C)c3ccccc3)c(O)c(O)cc2c1O,Sabutoclax,TGW,-0.62372
4528,10288,Cc1ccc(-c2c(C(=O)CCl)n(CCCO)c3ncnc(N)c23)cc1,CMK,CP66-MEL,3.507188
31157,71344,Cc1ccc(-c2c(C(=O)CF)n(CCCO)c3ncnc(N)c23)cc1,FMK,SU-DHL-16,4.315307
5034,224487,Cc1ccc(-c2cnccc2-c2cnc(Nc3ccc(O)cc3)s2)c(Cl)c1,CRT0105950,TT,2.065557
14988,207310,Cc1ccc(-n2nc(C(C)(C)C)cc2NC(=O)Nc2ccc(OCCN3CCOCC3)c3ccccc23)cc1,Doramapimod,D-392MG,5.059969
29054,293935,Cc1ccc(C(=O)N(CCCN)C(c2nc3snc(C)c3c(=O)n2Cc2ccccc2)C(C)C)cc1,AZD4877,CL-11,-1.222084
9724,26588,Cc1ccc(C(=O)Nc2ccc(CN3CCN(C)CC3)c(C(F)(F)F)c2)cc1C#Cc1cnc2cccnn12,Ponatinib,JJN-3,0.541091
21246,111111,Cc1ccc(C(=O)Nc2cccc(C(F)(F)F)c2)cc1Nc1nc(-c2cccnc2)nc2c1cnn2C,NVP-BHG712,WM1552C,5.035789
16702,96395,Cc1ccc(F)c(NC(=O)Nc2ccc(-c3cccc4[nH]nc(N)c34)cc2)c1,Linifanib,ES8,1.624744
27227,108064,Cc1ccc(NC(=O)c2ccc(CN3CCN(C)CC3)cc2)cc1Nc1nc(-c2cccnc2)cs1,Masitinib,TUR,2.250751
8017,4301,Cc1ccc(NC(=O)c2ccc(CN3CCN(C)CC3)cc2)cc1Nc1nccc(-c2cccnc2)n1,Imatinib,SLVL,3.289479
37733,2882,Cc1ccc(NC(=O)c2cccc(C(C)(C)C#N)c2)cc1Nc1ccc2ncn(C)c(=O)c2c1,AZ628,KG-1,1.008812
5674,133381,Cc1ccc(Nc2cc(-c3cccc(N4C(=O)c5ccccc5C4=O)c3)ncn2)cc1NS(C)(=O)=O,KIN001-270,SK-PN-DW,4.100162
38831,52483,Cc1ccc(Nc2nccc(N(C)c3ccc4c(C)n(C)nc4c3)n2)cc1S(N)(=O)=O,Pazopanib,NCI-H2731,1.158462
26621,243701,Cc1ccc2cc(C(=O)Nc3cc(NC(=O)c4ccc5c(c4)OCCO5)ccc3C)ccc2n1,CCT245232,PCI-4B,-4.60364
1274,372388,Cc1ccc2nc(NC(=O)CSc3nc4c(c(=O)n3-c3ccccc3)SCC4)sc2c1,IWP-2,SCC90,3.825945
28684,55668,Cc1ccc2nc(NCCN)c3ncc(C)n3c2c1,BMS-345541,NCCIT,1.341798
31893,166364,Cc1cccc(-c2[nH]c(C(C)(C)C)nc2-c2ccc3c(c2)OCO3)n1,SB505124,SBC-1,2.790925
23489,167234,Cc1cccc(-c2nn(C(=S)Nc3ccccc3)cc2-c2ccnc3ccccc23)n1,A-83-01,NCI-H1838,5.385902
2963,81619,Cc1cccc(Nc2nc(-c3ccncc3)cs2)c1,STF-62247,GCT,4.44781
10681,72915,Cc1ccccc1-n1c(Cn2cnc3c(N)ncnc32)nc2cccc(C)c2c1=O,IC-87114,RH-18,5.191225
20219,455977,Cc1ccccc1C(C(=O)NC1CCCCC1)N(C(=O)Cn1ccnc1C)c1cccc(F)c1,AGI-5198,KP-1N,5.352006
4794,185336,Cc1cn(-c2cc(NC(=O)c3ccc(C)c(Nc4nccc(-c5cccnc5)n4)c3)cc(C(F)(F)F)c2)cn1,Nilotinib,TC-71,2.915703
12660,392048,Cc1cnc(-c2ccccc2C(C)C)nc1NCc1ccc(-n2ccnn2)cc1,ML323,A253,4.363076
14789,113531,Cc1cnc(CNC(=O)c2c(=O)c3ccc(N4CCCN(C)CC4)nc3n3c2sc2ccccc23)cn1,CX-5461,AsPC-1,5.13721
35835,84679,Cc1cnc(Nc2ccc(F)cc2Cl)nc1-c1c[nH]c(C(=O)NC(CO)c2cccc(Cl)c2)c1,VX-11e,SKG-IIIa,4.851965
4367,118460,Cc1cnc(Nc2ccc(OCCN3CCCC3)cc2)nc1Nc1cccc(S(=O)(=O)NC(C)(C)C)c1,Fedratinib,NCI-H1770,2.706492
11379,162583,Cc1csc(=NC2CCCCC2)n1N=Cc1ccc(O)c(O)c1O,MIM1,Hs-766T,6.106326
31412,11737,Cc1n[nH]c2ccc(-c3cncc(OC[C@@H](N)Cc4c[nH]c5ccccc45)c3)cc12,A-443654,ES6,-2.273192
4567,368747,Cc1nc(-c2cn3c(n2)-c2ccc(-c4cnn(C(C)(C)C(N)=O)c4)cc2OCC3)n(C(C)C)n1,Taselisib,T98G,1.4797
38848,368616,Cc1nc(NC(=O)N2CCC[C@H]2C(N)=O)sc1-c1ccnc(C(C)(C)C(F)(F)F)c1,Alpelisib,RERF-LC-Sq1,1.556879
14667,339138,Cc1nc(Nc2ncc(C(=O)Nc3c(C)cccc3Cl)s2)cc(N2CCN(CCO)CC2)n1,Dasatinib,KINGS-1,3.228885
25111,289830,Cc1ncc(-c2ccnc(Nc3ccc(S(C)(=O)=O)cc3)n2)n1C(C)C,AZD5438,HuTu-80,0.296318
33092,509372,Cc1ncc(Cl)cc1NCc1ccc(C(=O)NC(CC2CCCC2)C(=O)NC2CC2)s1,GSK2830371,NCI-H28,7.890466
22056,152058,Cc1nnc(-c2ccc(N3CCC(Oc4cc(F)ccc4Cl)CC3)nn2)o1,CAY10566,LB2518-MEL,2.314289
7243,373166,Cc1oncc1C(=O)Nc1ccc(C(F)(F)F)cc1,Leflunomide,JHU-022,5.647853
7208,30518,Cc1sc2c(c1C)C(c1ccc(Cl)cc1)=NC(CC(=O)OC(C)(C)C)c1nnc(C)n1-2,JQ1,NCI-H1155,1.232415
2086,390320,Cc1sc2c(c1C)C(c1ccc(Cl)cc1)=N[C@@H](CC(=O)Nc1ccc(O)cc1)c1nnc(C)n1-2,OTX015,GAMG,3.396667
34160,223610,Cl.Cl.O=c1cc(CN2CCOCC2)occ1OCCCCCSc1ccnc2cc(C(F)(F)F)ccc12,EHT-1864,RH-18,3.464945
29906,410683,Cl.Cn1ncc(Cl)c1-c1cc(C(=O)NC(CN)Cc2cccc(F)c2)sc1Cl,GSK2110183B,NCI-H2373,2.536004
31839,177432,Cl[Pt]Cl,Cisplatin,DG-75,4.009331
15487,135479,Clc1ccc(C2(c3ccc(-c4cn[nH]c4)cc3)CCNCC2)cc1,AT7867,NCI-H2818,2.568275
16810,216109,Cn1c(=O)n(-c2ccc(C(C)(C)C#N)cc2)c2c3cc(-c4cnc5ccccc5c4)ccc3ncc21,Dactolisib,NCI-H1581,-2.992731
677,385087,Cn1cc(-c2ccc3c(c2)CCN3C(=O)Cc2cccc(C(F)(F)F)c2)c2c(N)ncnc21,GSK2606414,MES-SA,2.68147
10633,100970,Cn1cc(-c2ccc3nnc(C(F)(F)c4ccc5ncccc5c4)n3n2)cn1,JNJ38877605,NCI-H2591,4.247812
10049,487713,Cn1cc(-c2cnn3c(N)c(Br)c(C4CCCNC4)nc23)cn1,MK-8776,NB5,3.149892
34069,196124,Cn1cc(C2=C(c3ccc(Cl)cc3Cl)C(=O)NC2=O)c2ccccc21,SB216763,SK-MEL-1,3.759833
33321,69167,Cn1cc(C2=C(c3cn(C4CCN(Cc5ccccn5)CC4)c4ccccc34)C(=O)NC2=O)c2ccccc21,Enzastaurin,NCI-N87,5.401504
35859,193876,Cn1cc(C=C2C(=O)Nc3cccnc32)c2ccccc21,GW441756,NCI-H345,3.94331
29066,326672,Cn1cnc2c(F)c(Nc3ccc(Br)cc3Cl)c(C(=O)NOCCO)cc21,Selumetinib,NCI-H841,3.231736
12968,56890,Cn1cncc1[C@](N)(c1ccc(Cl)cc1)c1ccc2c(c1)c(-c1cccc(Cl)c1)cc(=O)n2C,Tipifarnib,NCI-H1836,3.084138
1796,491904,Cn1ncc(Cl)c1-c1cc(C(=O)NC(CN)Cc2ccc(F)c(F)c2)oc1Cl,Uprosertib,COLO-680N,3.942868
894,454468,Cn1ncc(Cl)c1-c1cc(C(=O)NC(CN)Cc2cccc(F)c2)sc1Cl,Afuresertib,DEL,1.798647
41416,264802,Cn1ncnc1[C@H]1c2n[nH]c(=O)c3cc(F)cc(c23)N[C@@H]1c1ccc(F)cc1,Talazoparib,TUR,1.830369
19862,281600,Cn1nnc2c(C(N)=O)ncn2c1=O,Temozolomide,HEL,5.204729
33303,64836,FC(F)c1nc2ccccc2n1-c1nc(N2CCOCC2)nc(N2CCOCC2)n1,ZSTK474,BFTC-905,-0.350569
13281,482987,N#C/C(=C\c1ccc(-c2cc(Cl)ccc2Cl)o1)C(=O)Nc1cccc2ncccc12,AGK2,EW-22,3.016279
15432,59298,N#CC(c1ccnc(NCCc2cccnc2)n1)c1nc2ccccc2s1,AS601245,NCI-H2081,3.203965
35142,105769,N#CC1=C(N)NC(=C2C(=O)C=CC=C2OCC2CC2)C=C1C1CCNCC1,KIN001-260,42-MG-BA,4.916155
17961,359620,N#CC[C@H](C1CCCC1)n1cc(-c2ncnc3[nH]ccc23)cn1,Ruxolitinib,A101D,5.318219
18298,27600,N#Cc1cc(-c2ccnc(Nc3ccc(-n4cnc(-c5cccnc5)n4)cc3)n2)cc(N2CCOCC2)c1,JNK-9L,CAL-12T,-0.169994
15081,490659,N#Cc1ccc(-c2csc(NN=C3CCCC3)n2)cc1,Remodelin,HCC-15,3.805197
24552,50931,N=C(N)NC(=N)NCCc1ccccc1,Phenformin,OACp4C,8.935422
41034,443132,N=C(N)c1ccccc1,BEN,NB7,4.968881
7017,130781,NC(=O)C1CCCc2c1[nH]c1ccc(Cl)cc21,Selisistat,OCI-AML2,3.394885
1411,290912,NC(=O)Nc1cc(-c2cccc(F)c2)sc1C(=O)N[C@@H]1CCCNC1,AZD7762,SNU-C2B,-0.332204
39176,117925,NC(=O)Nc1sc(-c2ccc(F)cc2)cc1C(N)=O,TPCA-1,NCI-H716,1.973891
29666,226033,NC(=O)[C@@H](CCC(F)(F)F)N(Cc1ccc(-c2ncon2)cc1F)S(=O)(=O)c1ccc(Cl)cc1,Avagacestat,KARPAS-422,3.866838
15694,197997,NC(=O)c1ccc(N(C(N)=O)c2c(F)cccc2F)nc1-c1ccc(F)cc1F,VX-702,SNU-C1,2.919039
10273,7018,NC(=O)c1cccc(-c2cc(Nc3ccc(OC(F)(F)F)cc3)ncn2)c1,GNF-2,EW-3,3.127423
25496,350175,NC(=O)c1cccc2cn(-c3ccc(C4CCCNC4)cc3)nc12,Niraparib,UACC-893,5.511583
40532,394033,NC(=O)c1cnc(N[C@@H]2CCCC[C@@H]2N)nc1Nc1cccc(-n2nccn2)c1,PRT062607,RVH-421,3.592115
17079,175429,NC(=O)c1ncn(C2OC(COP(=O)(O)O)C(O)C2O)c1N,AICA Ribonucleotide,Ca9-22,7.073447
17906,512683,NC(CCC(=O)NC(CS)C(=O)NCC(=O)O)C(=O)O,glutathione,C-4-I,8.617084
14046,5739,NC(CSC(c1ccccc1)(c1ccccc1)c1ccccc1)C(=O)O,S-Trityl-L-cysteine,RPMI-8402,-0.544677
19194,232384,NC1(C(=O)NC(CCO)c2ccc(Cl)cc2)CCN(c2ncnc3[nH]ccc23)CC1,Capivasertib,HuO9,1.362348
29153,457658,NC1(C(=O)N[C@@H](CCO)c2ccc(Cl)cc2)CCN(c2ncnc3[nH]ccc23)CC1,AZD5363,CAL-51,1.437156
27992,214313,NC1(c2ccc(-c3nc4ccn5c(=O)[nH]nc5c4cc3-c3ccccc3)cc2)CCC1,MK-2206,NTERA-2-cl-D1,2.495251
41003,210916,NC1=NC(=O)C(=Cc2ccc(O)cc2)S1,Mirin,HCC-15,4.64498
26212,34419,NCC(=O)Nc1ccc(-n2nc(C(F)(F)F)cc2-c2ccc3c(ccc4ccccc43)c2)cc1,OSU-03012,HCC-33,1.660652
21130,504581,NCC(O)(c1ccc(Cl)cc1)c1ccc(-c2cn[nH]c2)cc1,AT13148,Hs-633T,0.371956
8850,486082,NCCOc1cc(C(=O)Nc2cc(OCCN)c3ccccc3n2)nc(C(=O)Nc2cc(OCCN)c3ccccc3n2)c1,Pyridostatin,RCC-MF,5.565695
24518,475460,NCc1ccc(OCCCc2sc(-c3ccc4c(c3)C(=NNc3nc5ccccc5s3)CCC4)nc2C(=O)O)cc1,WEHI-539,LN-229,4.747018
10102,362984,NS(=O)(=O)OCC1CC(n2ccc3c(NC4CCc5ccccc54)ncnc32)CC1O,Pevonedistat,A101D,-0.276425
3441,314046,N[C@@H]1CCCN(c2c(C=C3SC(=O)NC3=O)cccc2-c2ccccc2)C1,AZD1208,RKN,3.378917
11834,85591,Nc1[nH]nc2nnc(-c3c(-c4ccccc4)nn4ccccc34)cc12,FR-180204,TE-11,5.396288
31302,449852,Nc1cc(C(F)(F)F)c(-c2cc(N3CCOCC3)nc(N3CCOCC3)n2)cn1,Buparlisib,MKN1,0.866256
8553,138439,Nc1ccc(-c2ccc3ncc4ccc(=O)n(-c5cccc(C(F)(F)F)c5)c4c3c2)cn1,Torin 2,HCC1937,0.643244
38612,121381,Nc1ccc(C(=O)Nc2cccc(-c3nc(N4CCOCC4)c4oc5ncccc5c4n3)c2)cn1,YM201636,COR-L105,1.197303
18838,138139,Nc1cccc(-c2cc3c(Oc4cccc(O)c4)ncnc3[nH]2)c1,TWS119,JHH-6,3.451759
13633,191909,Nc1cccc2c1CN([C@@H]1CCC(=O)NC1=O)C2=O,Lenalidomide,NCI-H2066,5.281111
9942,378696,Nc1ccccc1NC(=O)c1ccc(CNC(=O)OCc2cccnc2)cc1,Entinostat,KASUMI-1,-1.183534
19098,352877,Nc1ccn([C@@H]2O[C@H](CO)[C@@H](O)C2(F)F)c(=O)n1,Gemcitabine,PF-382,-3.285119
26756,178447,Nc1ccn([C@@H]2O[C@H](CO)[C@@H](O)[C@@H]2O)c(=O)n1,Cytarabine,KP-N-YN,3.007857
14373,154404,Nc1nc(=O)c2c(CCc3ccc(C(=O)N[C@@H](CCC(=O)O)C(=O)O)cc3)c[nH]c2[nH]1,Pemetrexed,HCC-827,3.364239
3047,423655,Nc1nc(F)nc2c1ncn2[C@@H]1O[C@H](CO)[C@@H](O)[C@@H]1O,Fludarabine,LS-513,3.534679
13149,152921,Nc1nc2c(ncn2C2OC(CO)C(O)C2O)c(=O)[nH]1,Ara-G,HCC38,4.02733
8595,501248,Nc1ncn(C2OC(CO)C(O)C2O)c(=O)n1,5-azacytidine,NCI-H1944,1.702244
21645,468605,Nc1ncnc2c1c(-c1cccc(OCc3ccccc3)c1)cn2[C@H]1C[C@H](CN2CCCC2)C1,NVP-ADW742,DMS-79,5.341224
24570,330345,O=C(C=CN1CC2CC1CN2c1ccccn1)c1ccccc1O,PFI-3,ABC-1,4.684445
12667,53500,O=C(C=Cc1ccc(CN(CCO)CCc2c[nH]c3ccccc23)cc1)NO,Dacinostat,WM1552C,-2.412276
34289,93142,O=C(C=Cc1cccc(S(=O)(=O)Nc2ccccc2)c1)NO,Belinostat,SW756,1.667152
37855,15294,O=C(C=Cc1ccccc1)NC(NC(=S)Nc1cccc2cccnc12)C(Cl)(Cl)Cl,Salubrinal,NB5,4.799612
32310,260553,O=C(C=Cc1cccnc1)NCCCCC1CCN(C(=O)c2ccccc2)CC1,Daporinad,DND-41,-6.926787
2477,183911,O=C(CCCCCCC(=O)Nc1ccccc1)NO,Vorinostat,DEL,0.254478
640,86600,O=C(CCCCCCNC(=O)c1cnc(N(c2ccccc2)c2ccccc2)nc1)NO,ACY-1215,NCI-H3122,2.535672
27246,299952,O=C(Cc1ccccc1)Nc1nnc(CCSCCc2nnc(NC(=O)Cc3ccccc3)s2)s1,BPTES,MOG-G-CCM,3.155045
6244,127089,O=C(NC1CC1)c1cccc(-c2ccc3c(NC(=O)C4CC4)n[nH]c3c2)c1,XMD13-2,KURAMOCHI,5.035986
33456,62092,O=C(NC1CCNCC1)c1n[nH]cc1NC(=O)c1c(Cl)cccc1Cl,AT-7519,RL,-1.676505
10318,494352,O=C(NCC(O)CN1CCc2ccccc2C1)c1ccnc(NC2CCC2)c1,GSK591,EW-11,3.663915
4040,334866,O=C(NCCCNc1nc(Nc2cccc(NC(=O)N3CCCC3)c2)ncc1I)c1cccs1,BX795,NCI-H2171,0.802762
5253,187221,O=C(NOCC1CC1)c1ccc(F)c(F)c1Nc1ccc(I)cc1Cl,CI-1040,NCI-H1781,3.583631
21650,218666,O=C(NOC[C@H](O)CO)c1ccc(F)c(F)c1Nc1ccc(I)cc1F,PD0325901,ABC-1,-2.970767
5250,103191,O=C(N[C@@H](COc1ccc2[nH]c(=O)[nH]c2c1)c1ccccc1)c1cccn(Cc2ccc(F)c(F)c2)c1=O,KIN001-244,HCT-116,2.917529
16085,160958,O=C(Nc1cc(C(F)(F)F)cc(C(F)(F)F)c1)c1cc(Cl)ccc1O,IMD-0354,NCI-H526,0.262854
40098,164203,O=C(Nc1ccc(Nc2nccc(Nc3cc(C4CCCC4)[nH]n3)n2)cc1)Nc1cccc(C(F)(F)F)c1,CD532,CAS-1,0.392391
39900,111480,O=C(Nc1ccc(OC(F)(F)F)cc1)c1sccc1NCc1ccnc2ccccc12,OSI-930,HEL,2.320836
27008,371331,O=C(Nc1ccc2[nH]nc(-c3ccncc3)c2c1)C1CCN(CC(=O)N2CCN(c3ccc(-c4ncccn4)cc3)CC2)C1,SCH772984,NB13,3.865393
3091,395808,O=C(Nc1cccc(C(F)(F)F)c1)Nc1cc(S(=O)(=O)NC2CC2)ccc1-c1ccsc1,AGI-6780,MG-63,5.206574
24399,466967,O=C(Nc1cccc(NC(=O)c2cccc(O)c2O)c1)c1cccc(O)c1O,Telomerase Inhibitor IX,MN-60,0.625925
14696,63462,O=C(Nc1cccc(Nc2ncc(Br)c(NCCc3c[nH]cn3)n2)c1)N1CCCC1,BX-912,HCC38,3.832184
38952,464779,O=C(Nc1cccnc1)c1cc(-c2ccnc(F)c2)ccc1OCc1ccccc1,GSK2578215A,BHY,3.59861
9525,151061,O=C(O)CCCCC(CCSCc1ccccc1)SCc1ccccc1,CPI-613,NCI-H2347,5.842292
41473,513948,O=C(O)CCCCC1CCSS1,alpha-lipoic acid,NB10,6.255296
28433,254395,O=C(O)CNC(=O)c1c(O)c2ccccc2n(Cc2ccccc2)c1=O,IOX2,Farage,-1.408643
23497,471985,O=C(O)CSc1cc(NS(=O)(=O)c2ccc(Br)cc2)c2ccccc2c1O,UMI-77,AMO-1,0.008353
24537,39684,O=C(O)c1ccc(-c2c[nH]c3ncc(-c4ccccc4)cc23)cc1C1CCCC1,GSK650394,NCI-H1693,4.997126
25816,117420,O=C(O)c1cccnc1-c1ccccc1,SB52334,PANC-02-03,5.594294
2029,188819,O=C(c1cc(Cc2n[nH]c(=O)c3ccccc23)ccc1F)N1CCN(C(=O)C2CC2)CC1,Olaparib,BC-1,2.966655
10477,267016,O=C(c1ccc(C(=O)N2CCC(N3CCCC3)CC2)c(Nc2ccccc2)c1)N1CCC(N2CCCC2)CC1,UNC1215,SNU-61,2.972365
19297,222655,O=C1C(=Cc2cccs2)CCC1=Cc1cccs1,CCT007093,D-336MG,3.689778
33375,213052,O=C1N=C(NCc2cccs2)SC1=Cc1ccc2ncccc2c1,RO-3306,SK-N-DZ,1.960827
11140,140775,O=C1NC(=O)C(=Cc2ccc3nccc(-c4ccncc4)c3c2)S1,GSK1059615,EW-24,2.201102
9297,65557,O=C1NC(=O)C(=Cc2ccc3nccnc3c2)S1,AS605240,MOG-G-UVW,2.837099
21208,208573,O=C1NC(=O)c2c1c(-c1ccccc1Cl)cc1[nH]c3ccc(O)cc3c21,Wee1 Inhibitor,NCI-H345,3.083137
26995,147156,O=C1NCCSc2c1sc1ccc(O)cc21,kb NB 142-70,LS-180,3.285583
5074,434529,O=C1NCCc2c1[nH]c1ccccc21,L-Oxonoreleagnine,SiHa,2.978991
16273,345883,O=C1O[Pt]2(N[C@@H]3CCCC[C@H]3N2)OC1=O,Oxaliplatin,NCI-H2196,4.171298
27927,421334,O=C1c2c(O)ccc(O)c2C(=O)c2c(NCCNCCO)ccc(NCCNCCO)c21,Mitoxantrone,HCT-116,0.610014
40653,417147,O=P(O)(O)C(O)(Cn1ccnc1)P(=O)(O)O,Zoledronate,GOTO,3.411315
24379,361996,O=P1(N(CCCl)CCCl)NCCCO1,Cyclophosphamide,DSH1,5.402673
28274,20947,O=S(=O)(O)c1ccc2cc(N=Nc3cc(S(=O)(=O)O)c4cccnc4c3O)ccc2c1,NSC-87877,SK-MEL-30,2.32204
37213,129382,O=S(=O)(c1ccccc1)N(CC(F)(F)F)c1ccc(C(O)(C(F)(F)F)C(F)(F)F)cc1,T0901317,HPAF-II,4.57369
239,171958,O=[N+]([O-])c1cc(C(F)(F)F)cc([N+](=O)[O-])c1NNC(=S)Nc1ccc(F)cc1,Kobe2602,C32,5.119054
40081,36110,O=c1[nH]c2ccccc2n1C1CCN(Cc2ccc(-c3[nH]c4cc5ncnc5cc4nc3-c3ccccc3)cc2)CC1,AKT inhibitor VIII,JHU-029,0.490033
5193,42125,O=c1[nH]cc(F)c(=O)[nH]1,5-Fluorouracil,BICR31,5.118639
31690,199713,O=c1cc(-c2cccc3c2Sc2ccccc2S3)oc(N2CCOCC2)c1,KU-55933,NCI-H1993,5.200784
1957,205202,O=c1cc(N2CCOCC2)oc2c(-c3cccc4c3sc3ccccc34)cccc12,NU7441,LS-411N,3.061706
35787,7327,OCCCNc1cc(-c2ccnc(Nc3cccc(Cl)c3)n2)ccn1,CGP-60474,SW684,2.225979
25716,22515,OC[C@H](Cc1ccccc1)Nc1nc(Oc2ccc3c(c2)CCC3)nc2c1ncn2Cc1ccc(-c2ccccc2)cc1,QS11,HH,3.680201
24136,492834,Oc1c(F)cc(-c2cnccc2-c2ccc(N3CCOCC3)cc2)cc1F,LJI308,ML-2,3.906303
28561,39628,Oc1ccc2ccccc2c1SSc1c(O)ccc2ccccc12,IPA-3,MOLM-13,4.192821
6136,114975,Oc1cccc(-c2nc(N3CCOCC3)c3oc4ncccc4c3n2)c1,PI-103,NCI-H23,4.187825
2480,269905,Oc1nc(-c2ccc(C(F)(F)F)cc2)nc2c1CSCC2,XAV939,BHT-101,-0.010304
9999,108518,S=C(NCc1ccc2c(c1)OCO2)N1CCN(c2ncnc3c2oc2ccccc23)CC1,Amuvatinib,NCI-H661,2.743789
35586,162717,c1cc(-c2cc(C3CCNCC3)[nH]n2)ccn1,ETP-45835,COLO-829,6.375007
36143,444661,c1ccc(-c2nn3c(c2-c2ccnc4cc(OCCN5CCOCC5)ccc24)CCC3)nc1,LY2109761,SNU-387,6.42224
12843,375760,c1ccc(C2CC2NC2CCNCC2)cc1,GSK-LSD1,HEC-1,1.877166
32861,168675,c1ccc2c(-c3cnn4cc(-c5ccc(N6CCNCC6)cc5)cnc34)ccnc2c1,LDN-193189,CAS-1,0.192785
20727,230289,c1ccc2c(CCNc3ccc(Nc4ccncc4)cc3)c[nH]c2c1,Serdemetan,NCI-H446,4.895236
18665,392870,c1cn2cc(-c3ccc4cn[nH]c4c3)nc(Nc3ccc(N4CCOCC4)cc3)c2n1,Entospletinib,PC-3,3.386807
