canonical_smiles,n_genes,ig_spearman_vs_cond_attn,ig_spearman_vs_pool_alpha,ig_cond_top20_overlap_n,ig_cond_top20_overlap_fraction,ig_cond_top20_jaccard,ig_pool_top20_overlap_n,ig_pool_top20_overlap_fraction,ig_pool_top20_jaccard
C#Cc1cccc(Nc2ncnc3cc(OC)c(OCCCCCCC(=O)NO)cc23)c1,268,0.21298066702534274,-0.09561128819791438,3,0.15,0.08108108108108109,1,0.05,0.02564102564102564
C#Cc1cccc(Nc2ncnc3cc(OCCOC)c(OCCOC)cc23)c1,268,-0.11921720498214824,-0.01551700168386587,4,0.2,0.1111111111111111,3,0.15,0.08108108108108109
C=C(c1ccc(C(=O)O)cc1)c1cc2c(cc1C)C(C)(C)CCC2(C)C,268,0.026865796326416863,-0.05083579221805844,0,0.0,0.0,0,0.0,0.0
C=C1C(=O)OC(CCCCCCCC)C1C(=O)O,268,0.16590910366092762,0.11016946510918943,4,0.2,0.1111111111111111,2,0.1,0.05263157894736842
C=C1C(=O)OC2C1C(OC(=O)C=C(C)C)CC1=CC(CC3(C)OC23)OC1=O,268,0.24069743592301218,0.23280178199267226,4,0.2,0.1111111111111111,8,0.4,0.25
C=C1C(=O)OC2CC1CCC1(C)OC1CCC(C)=CCCC2(C)O,268,0.22270295072401244,0.08030749722420852,5,0.25,0.14285714285714285,2,0.1,0.05263157894736842
C=C1C(=O)O[C@@H]2C3O[C@@]3(C)CCC=C(C)CC[C@@H]12,268,0.25555921989817,0.11807072984769149,4,0.2,0.1111111111111111,3,0.15,0.08108108108108109
C=CC(=O)N1CCC[C@@H](n2nc(-c3ccc(Oc4ccccc4)cc3)c3c(N)ncnc32)C1,268,0.026206838078934095,0.1092455520318295,1,0.05,0.02564102564102564,1,0.05,0.02564102564102564
C=CC(=O)N1CCc2ccc(-n3c(=O)ccc4cnc5ccc(-c6cnn(C)c6)cc5c43)cc21,268,-0.03216863346273519,-0.09293493270459031,2,0.1,0.05263157894736842,1,0.05,0.02564102564102564
C=CC(=O)Nc1cc(-n2c(=O)ccc3cnc4ccc(-c5cn[nH]c5)cc4c32)ccc1C,268,0.17396310706606477,-0.27114791524188503,3,0.15,0.08108108108108109,1,0.05,0.02564102564102564
C=CC(=O)Nc1cc(NC(=O)c2ccc(C)c(NC(=O)c3ccno3)c2)cc(C(F)(F)F)c1,268,0.16756678576126507,-0.004246134932455221,4,0.2,0.1111111111111111,1,0.05,0.02564102564102564
C=CC(=O)Nc1cc(Nc2nccc(-c3cn(C)c4ccccc34)n2)c(OC)cc1N(C)CCN(C)C,268,0.2282345841487188,-0.18389922489802354,3,0.15,0.08108108108108109,1,0.05,0.02564102564102564
C=CC(=O)Nc1cc2c(Nc3ccc(F)c(Cl)c3)ncnc2cc1OCCCN1CCOCC1,268,0.22027035367417536,0.02618751196193129,5,0.25,0.14285714285714285,3,0.15,0.08108108108108109
C=CC(=O)Nc1ccc(C(=O)c2sc(Nc3ccc(N4CCN(C)CC4)cc3OC)nc2N)cc1,268,0.22225346264791487,-0.08860089511092878,2,0.1,0.05263157894736842,2,0.1,0.05263157894736842
C=CC(=O)Nc1ccc2ncnc(Nc3ccc(OCc4cccc(F)c4)c(Cl)c3)c2c1,268,0.1095254690168056,0.002321627732853214,5,0.25,0.14285714285714285,2,0.1,0.05263157894736842
C=CC(=O)Nc1cccc(Nc2nc(N[C@H]3CC[C@H](N(C)C)CC3)nc3c2ncn3C(C)C)c1,268,0.1493042286167425,-0.15205913542433605,1,0.05,0.02564102564102564,2,0.1,0.05263157894736842
C=CCNC1=C2C[C@@H](C)C[C@H](OC)[C@H](O)[C@@H](C)C=C(C)[C@H](OC(N)=O)[C@@H](OC)C=CC=C(C)C(=O)NC(=CC1=O)C2=O,268,-0.019206419762014454,-0.014604310222830126,3,0.15,0.08108108108108109,3,0.15,0.08108108108108109
C=CCc1cccc(C=NNC(=O)CN2CCN(Cc3ccccc3)CC2)c1O,268,0.18152398277606577,-0.01165489539895028,3,0.15,0.08108108108108109,1,0.05,0.02564102564102564
C=CCn1c(=O)c2cnc(Nc3ccc(N4CCN(C)CC4)cc3)nc2n1-c1cccc(C(C)(C)O)n1,268,0.17917804154117678,-0.2470950040740701,4,0.2,0.1111111111111111,1,0.05,0.02564102564102564
CC(=CC(=O)Nc1ccccc1C(=O)O)c1ccc2ccccc2c1,268,0.06409226163572512,-0.01117423616639662,2,0.1,0.05263157894736842,2,0.1,0.05263157894736842
CC(=Cc1csc(C)n1)[C@H]1C[C@@H]2O[C@]2(C)CCC[C@H](C)[C@H](O)[C@@H](C)C(=O)C(C)(C)[C@H](O)CC(=O)O1,268,-0.0909063138424248,-0.09483512640215654,3,0.15,0.08108108108108109,2,0.1,0.05263157894736842
CC(=NNC(=S)N1CCC1)c1ccccn1,268,0.12433488544911714,0.11603650017736387,4,0.2,0.1111111111111111,0,0.0,0.0
CC(=O)C(C#N)C(=O)Nc1cc(Br)ccc1Br,268,0.022395229067477446,0.05371725392086391,0,0.0,0.0,1,0.05,0.02564102564102564
CC(=O)N1CCN(CCOc2ccc(C3CCN(C4=Nn5c(nnc5C(F)(F)F)CC4)CC3)cc2)CC1,268,0.19922795279689431,0.13338262532207595,1,0.05,0.02564102564102564,0,0.0,0.0
CC(=O)NC(CS)C(=O)O,268,0.13088581568993923,0.101535054770839,3,0.15,0.08108108108108109,1,0.05,0.02564102564102564
CC(=O)Nc1cccc(-n2c(=O)n(C3CC3)c(=O)c3c(Nc4ccc(I)cc4F)n(C)c(=O)c(C)c32)c1,268,0.1988688610745196,-0.09401781867987657,5,0.25,0.14285714285714285,1,0.05,0.02564102564102564
CC(=O)Nc1nc(C)c(-c2ccc(Cl)c(S(=O)(=O)NCCO)c2)s1,268,-0.0510234425799244,-0.014472767942585223,3,0.15,0.08108108108108109,0,0.0,0.0
CC(=O)OC1C(C)OC(Oc2c(-c3ccc(O)cc3)oc3cc(O)cc(O)c3c2=O)C(O)C1OC(C)=O,268,0.0327054007769099,0.09784064930765742,4,0.2,0.1111111111111111,3,0.15,0.08108108108108109
CC(=O)O[C@@]12CO[C@@H]1C[C@H](O)[C@@]1(C)C(=O)[C@H](O)C3=C(C)[C@@H](OC(=O)[C@H](O)[C@@H](NC(=O)OC(C)(C)C)c4ccccc4)C[C@@](O)([C@@H](OC(=O)c4ccccc4)[C@H]21)C3(C)C,268,0.03797706675677208,-0.17597801061938959,3,0.15,0.08108108108108109,1,0.05,0.02564102564102564
CC(=O)O[C@H]1C(=O)[C@]2(C)[C@@H](O)C[C@@H]3OC[C@@]3(OC(C)=O)[C@@H]2[C@H](OC(=O)c2ccccc2)[C@]2(O)C[C@H](OC(=O)[C@H](O)[C@@H](NC(=O)c3ccccc3)c3ccccc3)C(C)=C1C2(C)C,268,-0.1336962071560247,-0.2081665936222567,1,0.05,0.02564102564102564,0,0.0,0.0
CC(=O)Oc1ccc(C2(c3ccc(OC(C)=O)cc3)C(=O)Nc3ccccc32)cc1,268,0.23765014366786005,0.04482661667644401,2,0.1,0.05263157894736842,3,0.15,0.08108108108108109
CC(=O)c1c(C)c2cnc(Nc3ccc(N4CCNCC4)cn3)nc2n(C2CCCC2)c1=O,268,0.2864859944876927,0.0010772751671241552,8,0.4,0.25,1,0.05,0.02564102564102564
CC(=O)c1cc([N+](=O)[O-])c(Sc2ccc(F)cc2F)s1,268,0.06177312759538841,-0.003294167814284743,4,0.2,0.1111111111111111,2,0.1,0.05263157894736842
CC(C)(C)C(=O)OCOP(=O)(OCOC(=O)C(C)(C)C)C1CCCN(O)C1=O,268,0.19927159241593292,0.0799870577358394,3,0.15,0.08108108108108109,3,0.15,0.08108108108108109
CC(C)(C)NS(=O)(=O)c1cncc(-c2cc(F)c3nc(N)nn3c2)c1,268,-0.0959784844209677,0.052106951978339776,1,0.05,0.02564102564102564,2,0.1,0.05263157894736842
CC(C)(C)OC(=O)Nc1ccc(-c2cc(C(=O)NCCCCCCC(=O)NO)no2)cc1,268,0.10311854951881083,-0.06906593135986662,4,0.2,0.1111111111111111,1,0.05,0.02564102564102564
CC(C)(C)c1cc(NC(=O)Nc2ccc(-c3cn4c(n3)sc3cc(OCCN5CCOCC5)ccc34)cc2)no1,268,0.06494198736071947,0.05885301365857733,3,0.15,0.08108108108108109,2,0.1,0.05263157894736842
CC(C)(C)c1nc(-c2cccc(NS(=O)(=O)c3c(F)cccc3F)c2F)c(-c2ccnc(N)n2)s1,268,-0.05040874737460934,-0.03813292253905278,2,0.1,0.05263157894736842,0,0.0,0.0
CC(C)=CCC(O)C1=CC(=O)c2c(O)ccc(O)c2C1=O,268,0.13855017963937463,-0.23772557786648396,3,0.15,0.08108108108108109,0,0.0,0.0
CC(C)=CCCC(C)=CCc1c(O)cc(C=Cc2cc(O)c3c(c2)CC2C(C)(CC(O)C(O)C2(C)C)O3)cc1O,268,-0.0013347489194518614,-0.1036808771812796,3,0.15,0.08108108108108109,3,0.15,0.08108108108108109
CC(C)C(C(=O)Nc1ccc(C(=O)NO)cc1)c1ccccc1,268,0.135078959656419,-0.11098926652398587,4,0.2,0.1111111111111111,3,0.15,0.08108108108108109
CC(C)CC(=O)Nc1n[nH]c2c1CN(C(=O)C1CCN(C)CC1)C2(C)C,268,0.3459275195801619,-0.22816476075825706,3,0.15,0.08108108108108109,0,0.0,0.0
CC(C)C[C@@H](C=O)NC(=O)[C@H](CC(C)C)NC(=O)[C@H](CC(C)C)NC(=O)OCc1ccccc1,268,0.09998709514122714,-0.32515381407153277,4,0.2,0.1111111111111111,1,0.05,0.02564102564102564
CC(C)C[C@@H](NC(=O)[C@@H](Cc1ccccc1)NC(=O)C1=CNC=CN1)B(O)O,268,-0.01774823306299628,-0.17063714467219476,5,0.25,0.14285714285714285,2,0.1,0.05263157894736842
CC(C)N(CCCNC(=O)Nc1ccc(C(C)(C)C)cc1)C[C@H]1O[C@@H](n2cc(Br)c3c(N)ncnc32)[C@H](O)[C@@H]1O,268,0.19565012745885874,0.010191097891770003,0,0.0,0.0,0,0.0,0.0
CC(C)N(CCCNC(=O)Nc1ccc(C(C)(C)C)cc1)C[C@H]1O[C@@H](n2ccc3c(N)ncnc32)[C@H](O)[C@@H]1O,268,0.10760470235597833,0.054320727509854755,1,0.05,0.02564102564102564,1,0.05,0.02564102564102564
CC(C)N(C[C@H]1O[C@@H](n2cnc3c(N)ncnc32)[C@H](O)[C@@H]1O)[C@H]1C[C@@H](CCc2nc3cc(C(C)(C)C)ccc3[nH]2)C1,268,0.1019708275380958,0.16060813679399666,3,0.15,0.08108108108108109,1,0.05,0.02564102564102564
CC(C)NCC(C(=O)N1CCN(c2ncnc3c2C(C)CC3O)CC1)c1ccc(Cl)cc1,268,0.0054393668015962114,0.06687148194535446,3,0.15,0.08108108108108109,2,0.1,0.05263157894736842
CC(C)Nc1cc(-c2c[nH]c(C(=O)NC(CO)c3cccc(Cl)c3)c2)c(Cl)cn1,268,-0.1927200387519817,-0.03386496779707826,0,0.0,0.0,2,0.1,0.05263157894736842
CC(C)Oc1cc(Nc2nc(NC(C)c3ccc(F)cn3)ncc2Cl)[nH]n1,268,0.06448190109142686,-0.14177016010129379,3,0.15,0.08108108108108109,0,0.0,0.0
CC(C)c1ccc(-c2cc(=O)c3ccccc3o2)cc1,268,0.08644260423790574,0.17168262525973366,2,0.1,0.05263157894736842,7,0.35,0.21212121212121213
CC(C)c1ccccc1Cc1cc(C(=O)Nc2ccc(S(=O)(=O)c3ccccc3C(C)(C)C)cc2)c(O)c(O)c1O,268,0.0675185951533839,-0.06173634563077016,3,0.15,0.08108108108108109,1,0.05,0.02564102564102564
CC(C=CC(=O)NO)=CC(C)C(=O)c1ccc(N(C)C)cc1,268,0.04165214610295084,-0.1122248911659072,5,0.25,0.14285714285714285,0,0.0,0.0
CC(C=CC=C(C)/C=C/C1=C(C)CCCC1(C)C)=CC(=O)O,268,0.19353859332051987,0.06506978910218965,4,0.2,0.1111111111111111,0,0.0,0.0
CC(Nc1cc(F)cc(F)c1)c1cc(C(=O)N(C)C)cc2c(=O)cc(N3CCOCC3)oc12,268,0.15164455904346938,0.0696893544889894,3,0.15,0.08108108108108109,0,0.0,0.0
CC(Nc1ncnc2nc[nH]c12)c1cc2ccc(F)cc2nc1-c1ccccn1,268,-0.06635092363253695,0.0290209700837943,1,0.05,0.02564102564102564,2,0.1,0.05263157894736842
CC(O)(CS(=O)(=O)c1ccc(F)cc1)C(=O)Nc1ccc(C#N)c(C(F)(F)F)c1,268,0.12302257976231369,0.008062107905815727,4,0.2,0.1111111111111111,4,0.2,0.1111111111111111
CC(c1ccc2nccn2c1)n1nnc2ncc(-c3cnn(C)c3)nc21,268,0.006268519563329502,-0.11103415298928272,3,0.15,0.08108108108108109,1,0.05,0.02564102564102564
CC/C(=C(\c1ccc(O)cc1)c1ccc(OCCN(C)C)cc1)c1ccccc1,268,0.24073359446450135,0.0573306143772595,3,0.15,0.08108108108108109,0,0.0,0.0
CC1(C)CC(=O)c2c(C(F)(F)F)nn(-c3ccc(C(N)=O)c(N[C@H]4CC[C@H](O)CC4)c3)c2C1,268,0.10801179765929551,-0.34812134557154495,6,0.3,0.17647058823529413,0,0.0,0.0
CC1(C)CCC(CN2CCN(c3ccc(C(=O)NS(=O)(=O)c4ccc(NCC5CCOCC5)c([N+](=O)[O-])c4)c(Oc4cnc5[nH]ccc5c4)c3)CC2)=C(c2ccc(Cl)cc2)C1,268,0.1492705637677699,-0.09039323660715676,1,0.05,0.02564102564102564,2,0.1,0.05263157894736842
CC1(C)CCC(c2ccc(Cl)cc2)=C(CN2CCN(c3ccc(C(=O)NS(=O)(=O)c4ccc(N[C@H](CCN5CCOCC5)CSc5ccccc5)c(S(=O)(=O)C(F)(F)F)c4)cc3)CC2)C1,268,0.028201792092126973,-0.1605981620239307,3,0.15,0.08108108108108109,1,0.05,0.02564102564102564
CC1(C)CNc2cc(NC(=O)c3cccnc3NCc3ccncc3)ccc21,268,0.09280650753999102,-0.052868775042127815,4,0.2,0.1111111111111111,2,0.1,0.05263157894736842
CC1=C(C(=O)Nc2cc3cn[nH]c3cc2F)C(c2ccc(C(F)(F)F)cc2)CC(=O)N1,268,-0.1907550090489867,0.039576147082972,0,0.0,0.0,0,0.0,0.0
CC1=C2C[C@H]3[C@@H](CC=C4C[C@@H](O)CC[C@@]43C)[C@@H]2CC[C@]12O[C@@H]1C[C@H](C)CN[C@H]1[C@H]2C,268,0.24538869496966106,0.2751646304628231,3,0.15,0.08108108108108109,5,0.25,0.14285714285714285
CC1CC(=O)Nc2cccc(-c3ccc4c(c3)c(-c3cnn(C)c3)nn4C)c2N1,268,0.16724509942663773,0.048401324898834,3,0.15,0.08108108108108109,4,0.2,0.1111111111111111
CC1CN(CC(=O)Nc2ccc3c(c2)Cc2cccc(-c4cc(=O)cc(N5CCOCC5)o4)c2S3)CC(C)O1,268,0.14811536070950537,0.04905965972318766,2,0.1,0.05263157894736842,1,0.05,0.02564102564102564
CC1COCCN1c1cc(C2(S(C)(=N)=O)CC2)nc(-c2cncc3[nH]ccc23)n1,268,0.2096428595920194,-0.09500594433953617,2,0.1,0.05263157894736842,0,0.0,0.0
CC=C(C)C(=O)O[C@H]1C(C)=C2[C@H]([C@@H]1OC(=O)CCCCCCC)[C@@](C)(OC(C)=O)C[C@H](OC(=O)CCC)[C@@]1(O)[C@H]2OC(=O)[C@@]1(C)O,268,-0.025582791526682195,-0.08290031401823013,4,0.2,0.1111111111111111,2,0.1,0.05263157894736842
CC=C1NC(=O)[C@H]2CSSCCC=C[C@H](CC(=O)N[C@H](C(C)C)C(=O)N2)OC(=O)[C@H](C(C)C)NC1=O,268,0.031164922224847527,-0.23674742697689027,5,0.25,0.14285714285714285,1,0.05,0.02564102564102564
CCC(=C(c1ccc(C=CC(=O)O)cc1)c1ccc2[nH]ncc2c1)c1ccc(F)cc1Cl,268,0.07662743049299676,-0.10676744509356645,4,0.2,0.1111111111111111,1,0.05,0.02564102564102564
CCC(=O)N1CCOc2c(cc(-c3ccc(OC)c(OC)c3)cc2OC[C@H]2CCCN(C)C2)C1,268,0.05961670699175272,0.08526184083134719,1,0.05,0.02564102564102564,2,0.1,0.05263157894736842
CCC(=O)Nc1cccc(Oc2nc(Nc3ccc(N4CCN(C)CC4)cc3OC)ncc2Cl)c1,268,0.19521871865350576,-0.09064135901254762,4,0.2,0.1111111111111111,2,0.1,0.05263157894736842
CCC(=O)OCN1C(=O)C=CC1=O,268,0.12824437189184604,0.2878338352928561,4,0.2,0.1111111111111111,4,0.2,0.1111111111111111
CCC(C)CNCC(=O)N1CCc2sccc2C1COc1cccc(C)c1,268,0.07633566846856732,0.23888078092474846,4,0.2,0.1111111111111111,4,0.2,0.1111111111111111
CCC(CO)Nc1nc(NCc2ccccc2)c2ncn(C(C)C)c2n1,268,0.12550505066248058,0.07470915752468599,1,0.05,0.02564102564102564,1,0.05,0.02564102564102564
CCC1=C[C@@H]2C[N@](C1)Cc1c([nH]c3ccccc13)[C@@](C(=O)OC)(c1cc3c(cc1OC)N(C)[C@H]1[C@@](O)(C(=O)OC)[C@H](OC(C)=O)[C@@]4(CC)C=CCN5CC[C@]31[C@@H]54)C2,268,0.08942194337198348,-0.08370640012418587,2,0.1,0.05263157894736842,1,0.05,0.02564102564102564
CCCC=CC=CC(=O)OC1C(=CC(=O)OC)CC2CC(C(C)O)OC(=O)CC(O)CC3CC(OC(C)=O)C(C)(C)C(O)(CC4CC(=CC(=O)OC)CC(C=CC(C)(C)C1(O)O2)O4)O3,268,0.04842688524712804,-0.08526620479325106,1,0.05,0.02564102564102564,1,0.05,0.02564102564102564
CCCCC(C=O)NC(=O)C(CC(C)C)NC(=O)C(CC(C)C)NC(=O)OCc1ccccc1,268,-0.053926100669120035,-0.17406971242114472,1,0.05,0.02564102564102564,1,0.05,0.02564102564102564
CCCCCCCCCCCC1C(=O)C(=O)CC(=O)C1=O,268,0.2500157414340103,0.10341841604391891,3,0.15,0.08108108108108109,1,0.05,0.02564102564102564
CCCCCCCCc1ccc(CCC(N)(CO)CO)cc1.Cl,268,0.2667178704863386,-0.009776521510903358,6,0.3,0.17647058823529413,1,0.05,0.02564102564102564
CCCOc1ccn2c(C(C)=O)cc(-c3ccccc3S(C)(=O)=O)c2c1,268,0.0001795458611873592,0.1940666327108869,0,0.0,0.0,2,0.1,0.05263157894736842
CCCS(=O)(=O)Nc1ccc(F)c(C(=O)c2c[nH]c3ncc(Cl)cc23)c1F,268,-0.07611497668085784,0.07165064365320965,2,0.1,0.05263157894736842,1,0.05,0.02564102564102564
CCCc1cc(C)[nH]c(=O)c1CNC(=O)c1cc(-c2ccnc(N3CCN(C)CC3)c2)cc2c1cnn2C(C)C,268,0.2379051237276713,-0.025206243956692038,5,0.25,0.14285714285714285,2,0.1,0.05263157894736842
CCN(CC)CCCCNc1ncc2cc(-c3cc(OC)cc(OC)c3)c(NC(=O)NC(C)(C)C)nc2n1,268,0.19172193832225612,-0.03566104983208098,3,0.15,0.08108108108108109,1,0.05,0.02564102564102564
CCN(CC)CCNC(=O)c1c(C)[nH]c(C=C2C(=O)Nc3ccc(F)cc32)c1C,268,0.11933066799164863,-0.13498045880201762,4,0.2,0.1111111111111111,1,0.05,0.02564102564102564
CCN1CCC(n2cc(CNc3cc(Cl)c4ncc(C#N)c(Nc5ccc(F)c(Cl)c5)c4c3)nn2)CC1,268,0.10643329029635663,0.059364220624458015,5,0.25,0.14285714285714285,5,0.25,0.14285714285714285
CCN1CCN(Cc2ccc(NC(=O)c3ccc(C)c(C=Cc4cnc5[nH]ccc5c4OC)c3)cc2C(F)(F)F)CC1,268,0.16317165270094952,-0.08595009996589874,4,0.2,0.1111111111111111,0,0.0,0.0
CCN1CCN(Cc2ccc(NC(=O)c3ccc(C)c(Oc4ccnc5[nH]ccc45)c3)cc2C(F)(F)F)CC1,268,0.17528476409980506,-0.008093902485400989,4,0.2,0.1111111111111111,3,0.15,0.08108108108108109
CCNC(=O)C[C@@H]1N=C(c2ccc(Cl)cc2)c2cc(OC)ccc2-n2c(C)nnc21,268,0.1524930379222055,-0.039034392383764306,3,0.15,0.08108108108108109,2,0.1,0.05263157894736842
CCNC(=O)Nc1ncc(-c2cc(-c3c(C)cc(OC)cc3C)nc(-c3cnccn3)n2)s1,268,0.1570702105362249,0.10873621533533617,4,0.2,0.1111111111111111,0,0.0,0.0
CCNC(=O)c1noc(-c2cc(C(C)C)c(O)cc2O)c1-c1ccc(CN2CCOCC2)cc1,268,0.04747928209086141,-0.17416073219799666,2,0.1,0.05263157894736842,0,0.0,0.0
CCNc1cc(NC2CCC(O)CC2)nc(Nc2ccc3c(ccn3Cc3ccccc3)c2)n1,268,0.09618296720731997,-0.02078492712495332,2,0.1,0.05263157894736842,3,0.15,0.08108108108108109
CCOC(=O)CCNc1cc(N2CCc3ccccc3CC2)nc(-c2ccccn2)n1,268,0.18765908978976298,0.07495353939130212,1,0.05,0.02564102564102564,3,0.15,0.08108108108108109
CCOC(=O)Nc1cc(-c2ccc(C)c(NS(C)(=O)=O)c2)nn2c(C)nnc12,268,0.09111079662877708,0.10583168697675314,2,0.1,0.05263157894736842,3,0.15,0.08108108108108109
CCOc1cc(N2CCC(O)CC2)ccc1Nc1ncc2c(n1)N(C)c1ccccc1C(=O)N2C,268,0.05487682094103227,-0.05203276462597418,1,0.05,0.02564102564102564,3,0.15,0.08108108108108109
CCOc1cc2ncc(C#N)c(Nc3ccc(F)c(Cl)c3)c2cc1NC(=O)C=CCN(C)C,268,0.21228118627446696,-0.0939199412486043,6,0.3,0.17647058823529413,0,0.0,0.0
CCOc1ccccc1NN=C1C(=O)N(c2nc(-c3ccccc3)cs2)N=C1C,268,0.14279943168747547,-0.0260372669878127,2,0.1,0.05263157894736842,2,0.1,0.05263157894736842
CCOc1nc(NC(=O)Cc2cc(OC)ccc2OC)cc(N)c1C#N,268,0.08605483505159138,-0.02384905180459176,3,0.15,0.08108108108108109,0,0.0,0.0
CC[C@@H]1C(=O)N(C)c2cnc(Nc3ccc(C(=O)NC4CCN(C)CC4)cc3OC)nc2N1C1CCCC1,268,0.22793845816238548,-0.1335833675696535,4,0.2,0.1111111111111111,0,0.0,0.0
CC[C@@]1(O)C(=O)OCc2c1cc1n(c2=O)Cc2cc3c(CN(C)C)c(O)ccc3nc2-1,268,0.04801230886626139,-0.1577896408272326,5,0.25,0.14285714285714285,2,0.1,0.05263157894736842
CC[C@@]1(O)C(=O)OCc2c1cc1n(c2=O)Cc2cc3ccccc3nc2-1,268,0.015032601912537472,0.07205025787897734,3,0.15,0.08108108108108109,2,0.1,0.05263157894736842
CC[C@H](Nc1ncnc2[nH]cnc12)c1nc2cccc(F)c2c(=O)n1-c1ccccc1,268,0.029457366274180243,0.06332856830254972,5,0.25,0.14285714285714285,4,0.2,0.1111111111111111
CC[C@]1(O)C[C@@H]2CN(CCc3c([nH]c4ccccc34)[C@@](C(=O)OC)(c3cc4c(cc3OC)N(C)[C@H]3[C@@](O)(C(=O)OC)[C@H](OC(C)=O)[C@]5(CC)C=CCN6CC[C@]43[C@@H]65)C2)C1,268,-0.017134784703939473,-0.1208443393491587,2,0.1,0.05263157894736842,1,0.05,0.02564102564102564
CCc1c2c(nc3ccc(O)cc13)-c1cc3c(c(=O)n1C2)COC(=O)[C@]3(O)CC,268,-0.13401415295187732,-0.08769443788118425,1,0.05,0.02564102564102564,2,0.1,0.05263157894736842
CCc1c2c(nc3ccc(OC(=O)N4CCC(N5CCCCC5)CC4)cc13)-c1cc3c(c(=O)n1C2)COC(=O)[C@]3(O)CC,268,0.023363405187005117,0.06361970690385006,3,0.15,0.08108108108108109,2,0.1,0.05263157894736842
CCc1cc(-c2n[nH]c(C)c2-c2ccc3c(c2)OCCO3)c(O)cc1O,268,0.002277364690685497,-0.12412229816208625,0,0.0,0.0,0,0.0,0.0
CCc1cc(Nc2nccc(-c3c(-c4ccc(OC)c(C(=O)Nc5c(F)cccc5F)c4)nc4ccccn34)n2)c(OC)cc1N1CCC(N2CCN(S(C)(=O)=O)CC2)CC1,268,0.1284376330618741,-0.028348296527470826,3,0.15,0.08108108108108109,1,0.05,0.02564102564102564
CCc1cc2c(cc1N1CCC(N3CCOCC3)CC1)C(C)(C)c1[nH]c3cc(C#N)ccc3c1C2=O,268,0.2251006360786186,-0.0524305085823545,2,0.1,0.05263157894736842,0,0.0,0.0
CCc1cncnc1N1CCN(Cc2nc3ccc(C(F)(F)F)cc3[nH]2)CC1,268,0.1575708193089105,-0.04833898258592172,6,0.3,0.17647058823529413,1,0.05,0.02564102564102564
CCc1cnn2c(NCc3ccc[n+]([O-])c3)cc(N3CCCC[C@H]3CCO)nc12,268,0.08781226485258846,-0.19779657329242845,4,0.2,0.1111111111111111,1,0.05,0.02564102564102564
CCc1nc(-c2cccc(C)c2)c(-c2ccnc(NC(=O)c3ccccc3)c2)s1,268,-0.0020460747097809477,0.05656879131347148,2,0.1,0.05263157894736842,1,0.05,0.02564102564102564
CCc1nc(N)nc(N)c1-c1ccc(Cl)cc1,268,-0.08789143958998706,-0.01827627245336327,1,0.05,0.02564102564102564,2,0.1,0.05263157894736842
CCn1c(-c2nonc2N)nc2c(C#CC(C)(C)O)ncc(OC[C@H]3CCCNC3)c21,268,0.057663522328211064,0.019519378172834084,4,0.2,0.1111111111111111,1,0.05,0.02564102564102564
CCn1c(-c2nonc2N)nc2cnc(Oc3cccc(NC(=O)c4ccc(OCCN5CCOCC5)cc4)c3)cc21,268,0.1858499158690487,-0.01314924063945757,2,0.1,0.05263157894736842,0,0.0,0.0
CCn1c(=O)c(-c2cc[nH]n2)cc2c(C)nc(N)nc21,268,0.03541479769607748,0.052274652800073804,1,0.05,0.02564102564102564,1,0.05,0.02564102564102564
CCn1cc(-c2cccc(C(F)(F)F)c2)c2sc(C(=N)NC3CCS(=O)(=O)CC3)cc2c1=O,268,0.04374996493244898,0.18346843951579972,4,0.2,0.1111111111111111,5,0.25,0.14285714285714285
CCn1cc(-c2ccnc3[nH]c(-c4cccc(CN(C)C)c4)cc23)c(-c2ccc(NC(=O)N(C)C)cc2)n1,268,0.18392229155380108,-0.09326222984737978,4,0.2,0.1111111111111111,0,0.0,0.0
CCn1nc(C2CCN(C(=O)CCO)CC2)nc1-c1cnc(N)c(-c2nnc(C(C)(C)C)o2)n1,268,0.0179676780044475,0.08793757290154215,3,0.15,0.08108108108108109,2,0.1,0.05263157894736842
CN(C)C(=O)c1cc2cnc(Nc3ccc(N4CCNCC4)cn3)nc2n1C1CCCC1,268,0.21467824820594408,0.012230938370259724,2,0.1,0.05263157894736842,1,0.05,0.02564102564102564
CN(C)CC=CC(=O)Nc1cc2c(Nc3ccc(F)c(Cl)c3)ncnc2cc1O[C@H]1CCOC1,268,0.18163619893930785,-0.02312151701290548,4,0.2,0.1111111111111111,2,0.1,0.05263157894736842
CN(C)CC=CC(=O)Nc1ccc(C(=O)Nc2cccc(Nc3nccc(-c4cccnc4)n3)c2)cc1,268,0.22384568531969448,-0.07199851375926017,4,0.2,0.1111111111111111,0,0.0,0.0
CN(C)CC=CC(=O)Nc1cccc(C(=O)Nc2cccc(Nc3nccc(-c4cccnc4)n3)c2)c1,268,0.12256249349302108,-0.10726493675060642,3,0.15,0.08108108108108109,1,0.05,0.02564102564102564
CN(C)CCCCC(=O)Nc1ccc(NC(=S)NC(=O)c2ccc(C(C)(C)C)cc2)cc1,268,0.22291491458791415,-0.17047318438923545,5,0.25,0.14285714285714285,1,0.05,0.02564102564102564
CN(C)CCOc1ccc(-c2nc(=c3ccc4c(c3)CCC=4N=O)c(=C3C=CNC=C3)[nH]2)cc1,268,0.3091268522680445,0.07135576451313458,1,0.05,0.02564102564102564,1,0.05,0.02564102564102564
CN(C)CC[C@H](CSc1ccccc1)Nc1ccc(S(=O)(=O)NC(=O)c2ccc(N3CCN(Cc4ccccc4-c4ccc(Cl)cc4)CC3)cc2)cc1[N+](=O)[O-],268,0.29303006707409446,0.07066563510919567,4,0.2,0.1111111111111111,0,0.0,0.0
CN(C)Cc1cccc(NC(=C2C(=O)Nc3cc(C(=O)N(C)C)ccc32)c2ccccc2)c1,268,0.18735735299526757,-0.05649148684546026,5,0.25,0.14285714285714285,2,0.1,0.05263157894736842
CN(C)N=Nc1[nH]cnc1C(N)=O,268,0.17770239899454318,0.12208495137611303,1,0.05,0.02564102564102564,1,0.05,0.02564102564102564
CN(Cc1cnc2nc(N)nc(N)c2n1)c1ccc(C(=O)NC(CCC(=O)O)C(=O)O)cc1,268,0.09019124751332097,0.09015758266434834,2,0.1,0.05263157894736842,2,0.1,0.05263157894736842
CN(NC(=O)CC(=O)NN(C)C(=S)c1ccccc1)C(=S)c1ccccc1,268,0.1397589970867437,-0.014480872443263817,4,0.2,0.1111111111111111,1,0.05,0.02564102564102564
CN(c1ncccc1CNc1nc(Nc2ccc3c(c2)CC(=O)N3)ncc1C(F)(F)F)S(C)(=O)=O,268,0.087520502828159,-0.19706529796196745,4,0.2,0.1111111111111111,1,0.05,0.02564102564102564
CN1CCC(c2c(O)cc(O)c3c(=O)cc(-c4ccccc4Cl)oc23)C(O)C1,268,0.22181956015004542,-0.07295733853185099,3,0.15,0.08108108108108109,1,0.05,0.02564102564102564
CN1CCN(CCOc2cc(OC3CCOCC3)c3c(Nc4c(Cl)ccc5c4OCO5)ncnc3c2)CC1,268,0.19914005013568803,-0.07972210290596221,3,0.15,0.08108108108108109,2,0.1,0.05263157894736842
CN1CCN(c2ccc([N+](=O)[O-])c3no[n+]([O-])c23)CC1,268,0.3605991595009373,-0.04688952381071128,4,0.2,0.1111111111111111,2,0.1,0.05263157894736842
CN1CCc2c(c3ccccc3n2Cc2ccc(C(=O)NO)cc2)C1,268,0.257488714482805,0.11347360769354013,5,0.25,0.14285714285714285,3,0.15,0.08108108108108109
CNC(=O)CN1CCC(Oc2cc3c(Nc4cccc(Cl)c4F)ncnc3cc2OC)CC1,268,0.0018995702744370952,-0.1466571740104872,1,0.05,0.02564102564102564,1,0.05,0.02564102564102564
CNC(=O)Nc1ccc(-c2nc(N3CC4CCC(C3)O4)c3cnn(C4CCC5(CC4)OCCO5)c3n2)cc1,268,0.1450100901033448,-0.23810960651402355,2,0.1,0.05263157894736842,1,0.05,0.02564102564102564
CNC(=O)c1cc(Oc2ccc(NC(=O)Nc3ccc(Cl)c(C(F)(F)F)c3)cc2)ccn1,268,0.1125665270406665,0.0768911384766157,4,0.2,0.1111111111111111,3,0.15,0.08108108108108109
CNC(=O)c1ccc(Nc2cc(Nc3ccccc3S(=O)(=O)C(C)C)c3cc[nH]c3n2)nc1,268,0.16546086243108835,-0.18148720081144754,4,0.2,0.1111111111111111,0,0.0,0.0
CNC(=O)c1cccc(-c2ccc3c(N4CCOC[C@@H]4C)nc(N4CCOC[C@@H]4C)nc3n2)c1,268,0.1270854282948068,-0.2001549829898999,5,0.25,0.14285714285714285,1,0.05,0.02564102564102564
CNC(=O)c1ccccc1Sc1ccc2c(C=Cc3ccccn3)n[nH]c2c1,268,0.026537875760498285,-0.03544098146750064,3,0.15,0.08108108108108109,0,0.0,0.0
CNC(C)C(=O)NC(C(=O)N1CCCC1C(=O)NC1c2ccccc2CC1OCC#CC#CCOC1Cc2ccccc2C1NC(=O)C1CCCN1C(=O)C(NC(=O)C(C)NC)C1CCCCC1)C1CCCCC1,268,0.059033806366022935,0.17798106913326106,3,0.15,0.08108108108108109,1,0.05,0.02564102564102564
CNCc1ccc(-c2[nH]c3cc(F)cc4c3c2CCNC4=O)cc1,268,0.16013246494647598,0.03256076661095342,3,0.15,0.08108108108108109,3,0.15,0.08108108108108109
CNCc1ccc(-c2cc(-c3nc(-c4ccc(S(=O)(=O)C(C)C)cc4)cnc3N)on2)cc1,268,0.04109979321054806,0.07508570509467614,4,0.2,0.1111111111111111,3,0.15,0.08108108108108109
CN[C@@H](C)C(=O)N[C@H](C(=O)N1CCC[C@H]1c1nc(C(=O)c2ccc(F)cc2)cs1)C1CCCCC1,268,0.14747946911780013,0.03109509883438577,3,0.15,0.08108108108108109,0,0.0,0.0
CN[C@@H]1C[C@@]2(C)O[C@@H]([C@@H]1OC)n1c3ccccc3c3c4c(c5c6ccccc6n2c5c31)C(=O)NC4,268,-0.01510117845674098,-0.04154242363222523,0,0.0,0.0,0,0.0,0.0
COC(=O)C(CCSC)NC(=O)c1ccc(NCC(N)CS)cc1-c1ccccc1,268,0.06899049716124278,-0.05510811092193681,3,0.15,0.08108108108108109,1,0.05,0.02564102564102564
COC(=O)CNC(=O)C(=O)OC,268,0.02027559042846001,-0.015351794554648334,2,0.1,0.05263157894736842,1,0.05,0.02564102564102564
COC(=O)NC1(NC(=O)OC)NC(=O)c2cc(OC)c(OC)c(OC)c2N1,268,0.08062731328944849,0.06287409284141923,1,0.05,0.02564102564102564,4,0.2,0.1111111111111111
COC(=O)c1ccc2c(C(=Nc3ccc(N(C)C(=O)CN4CCN(C)CC4)cc3)c3ccccc3)c(O)[nH]c2c1,268,0.1150190736306355,-0.05964787814820886,2,0.1,0.05263157894736842,1,0.05,0.02564102564102564
COC1(c2sc3c(N4CCOCC4)nc(-c4cnc(N)nc4)nc3c2C)COC1,268,0.03028651903591353,-0.12343840298943858,3,0.15,0.08108108108108109,2,0.1,0.05263157894736842
COC1CC2CCC(C)C(O)(O2)C(=O)C(=O)N2CCCCC2C(=O)OC(C(C)CC2CCC(O)C(OC)C2)CC(=O)C(C)C=C(C)C(O)C(OC)C(=O)C(C)CC(C)C=CC=CC=C1C,268,0.07106587275809248,-0.34555284227955907,4,0.2,0.1111111111111111,1,0.05,0.02564102564102564
COCC(=O)NCC=Cc1ccc2ncnc(Nc3ccc(Oc4ccc(C)nc4)c(C)c3)c2c1,268,0.09165691528988862,0.073515925655545,1,0.05,0.02564102564102564,4,0.2,0.1111111111111111
COCCn1c2c([n+](Cc3cnccn3)c1C)C(=O)c1ccccc1C2=O.[Br-],268,0.10073208578052886,-0.11223486593597318,1,0.05,0.02564102564102564,2,0.1,0.05263157894736842
COC[C@@]1(CO)C(=O)[C@H]2CC[N@@]1CC2,268,0.2083436457909275,0.06981154542229746,3,0.15,0.08108108108108109,2,0.1,0.05263157894736842
CON(C)C(=O)N1N=C(c2cc(F)ccc2F)SC1(CCCN)c1ccccc1,268,0.06645129475632572,0.02778534544187296,4,0.2,0.1111111111111111,0,0.0,0.0
CO[C@@H]1[C@H](N(C)C(=O)c2ccccc2)C[C@H]2O[C@]1(C)n1c3ccccc3c3c4c(c5c6ccccc6n2c5c31)C(=O)NC4,268,-0.011879951148563602,-0.30916363423266274,5,0.25,0.14285714285714285,1,0.05,0.02564102564102564
CO[C@@]12[C@@H]3NC3CN1C1=C(C(=O)C(N)=C(C)C1=O)[C@@H]2COC(N)=O,268,0.16506935270599923,-0.15753029680551753,4,0.2,0.1111111111111111,0,0.0,0.0
CO[C@H]1C[C@H]2CC[C@@H](C)[C@@](O)(O2)C(=O)C(=O)N2CCCC[C@H]2C(=O)O[C@H]([C@H](C)C[C@@H]2CC[C@H](OC(=O)C(C)(CO)CO)[C@H](OC)C2)CC(=O)[C@H](C)C=C(C)[C@@H](O)[C@@H](OC)C(=O)[C@H](C)C[C@H](C)C=CC=CC=C1C,268,0.07937423279991171,-0.2443812431929987,4,0.2,0.1111111111111111,0,0.0,0.0
COc1c(C)c2c(c(O)c1CC=C(C)CCC(=O)O)C(=O)OC2,268,0.017567440355550676,-0.04855344014233997,1,0.05,0.02564102564102564,0,0.0,0.0
COc1cc(-c2nn(C3CCC(N4CCN(C(C)=O)CC4)CC3)c3ncnc(N)c23)ccc1NC(=O)c1cc2ccccc2n1C,268,0.11140945371301464,-0.036279485576170764,2,0.1,0.05263157894736842,2,0.1,0.05263157894736842
COc1cc(/C=C/C(=O)N2CCC=CC2=O)cc(OC)c1OC,268,0.20084947635574266,-0.014457805787486273,3,0.15,0.08108108108108109,4,0.2,0.1111111111111111
COc1cc(=C2C=c3ccccc3=N2)[nH]c1=Cc1[nH]c(C)cc1C.CS(=O)(=O)O,268,0.1905742163415411,0.007323351497805238,4,0.2,0.1111111111111111,4,0.2,0.1111111111111111
COc1cc(C(=O)N2CCC(N3CCN(C)CC3)CC2)ccc1Nc1ncc2c(n1)N(C)c1ccccc1C(=O)N2C,268,0.25834093390031587,-0.06565892395921066,1,0.05,0.02564102564102564,2,0.1,0.05263157894736842
COc1cc(C(=O)NC2CCN(C)CC2)ccc1Nc1ncc2c(n1)N(C1CCCC1)C(C)CC(=O)N2C,268,0.3208010737839976,-0.15157535907613676,4,0.2,0.1111111111111111,2,0.1,0.05263157894736842
COc1cc(C(=O)NC2CCN(C)CC2)ccc1Nc1ncc2c(n1)N(C1CCCC1)CCC(=O)N2C(C)C,268,0.28259957470074126,-0.024266121877974896,2,0.1,0.05263157894736842,1,0.05,0.02564102564102564
COc1cc(C)c(Sc2cnc(NC(=O)c3ccc(CNC(C)C(C)(C)C)cc3)s2)cc1C(=O)N1CCN(C(C)=O)CC1,268,0.2209748218100841,0.07539492296672104,2,0.1,0.05263157894736842,3,0.15,0.08108108108108109
COc1cc(C2c3cc4c(cc3C(Br)C3COC(=O)C23)OCO4)cc(OC)c1OC,268,0.1011379342375878,-0.17329355062538687,2,0.1,0.05263157894736842,1,0.05,0.02564102564102564
COc1cc(CCc2cc(NC(=O)c3ccc(N4C[C@@H](C)N[C@@H](C)C4)cc3)n[nH]2)cc(OC)c1,268,0.03605505324968657,-0.05260880759728361,0,0.0,0.0,3,0.15,0.08108108108108109
COc1cc(F)c(F)c(Nc2ccc(I)cc2F)c1NS(=O)(=O)C1(C[C@H](O)CO)CC1,268,0.15111776649936065,-0.06239093991634907,3,0.15,0.08108108108108109,1,0.05,0.02564102564102564
COc1cc(N2CCC(C(N)=O)CC2)ccc1Nc1nc(N)c(Cl)c(Nc2ccccc2S(=O)(=O)C(C)C)n1,268,0.053252803689667436,-0.007312129881481027,2,0.1,0.05263157894736842,2,0.1,0.05263157894736842
COc1cc(N2CCC(N3CCN(C)CC3)CC2)ccc1Nc1ncc(Cl)c(Nc2ccccc2S(=O)(=O)C(C)C)n1,268,0.15530280596516183,-0.1923971055710961,4,0.2,0.1111111111111111,1,0.05,0.02564102564102564
COc1cc(N2CCC(O)CC2)ccc1Nc1cc(Nc2ccccc2S(=O)(=O)C(C)C)c2cc[nH]c2n1,268,0.06319764944543395,0.017093638777417368,3,0.15,0.08108108108108109,1,0.05,0.02564102564102564
COc1cc(N2CCN(C)CC2)ccc1Nc1nc(N)c(C(=O)c2c(Cl)cccc2Cl)s1,268,0.17542752799637415,-0.11018629753367574,4,0.2,0.1111111111111111,0,0.0,0.0
COc1cc(N2CCN(C)CC2)ccc1Nc1ncc2c(n1)N(C)c1ccccc1C(=O)N2C,268,0.3077391123826172,-0.001415793926237822,2,0.1,0.05263157894736842,2,0.1,0.05263157894736842
COc1cc(Nc2c(C#N)cnc3cc(OCCCN4CCN(C)CC4)c(OC)cc23)c(Cl)cc1Cl,268,0.25992941603332065,-0.05977443304342079,4,0.2,0.1111111111111111,2,0.1,0.05263157894736842
COc1cc(Nc2ncc3c(n2)-c2ccc(Cl)cc2C(c2c(F)cccc2OC)=NC3)ccc1C(=O)O,268,-0.004822801326893788,-0.213459455988509,4,0.2,0.1111111111111111,1,0.05,0.02564102564102564
COc1cc(O)c2c(c1)C=CCC(O)C(O)C(=O)C=CCC(C)OC2=O,268,0.0848323022953816,-0.24869782493904477,5,0.25,0.14285714285714285,1,0.05,0.02564102564102564
COc1cc(OC)c2c(=O)nc(-c3cc(C)c(OCCO)c(C)c3)[nH]c2c1,268,0.09692421730784695,0.10397014551319256,1,0.05,0.02564102564102564,1,0.05,0.02564102564102564
COc1cc(OC)cc(-c2ccc3ncc4ccc(=O)n(-c5ccc(N6CCNCC6)c(C(F)(F)F)c5)c4c3c2)c1,268,0.0710714835662546,-0.08303434999099153,2,0.1,0.05263157894736842,2,0.1,0.05263157894736842
COc1cc([C@@H]2c3cc4c(cc3C(O[C@@H]3O[C@@H]5CO[C@@H](c6cccs6)OC5[C@H](O)[C@H]3O)C3COC(=O)[C@@H]32)OCO4)cc(OC)c1O,268,0.10047149491255554,0.0588710929293219,1,0.05,0.02564102564102564,1,0.05,0.02564102564102564
COc1cc([C@@H]2c3cc4c(cc3[C@@H](O[C@@H]3O[C@@H]5CO[C@@H](C)O[C@H]5[C@H](O)[C@H]3O)[C@H]3COC(=O)[C@H]23)OCO4)cc(OC)c1O,268,0.013581272867939653,0.04316644088359006,4,0.2,0.1111111111111111,3,0.15,0.08108108108108109
COc1cc2c(NC3CCN(C(C)C)CC3)nc(C3CCCCC3)nc2cc1OCCCN1CCCC1,268,-0.00731711726651401,-0.0043016195909471484,1,0.05,0.02564102564102564,0,0.0,0.0
COc1cc2c(NC3CCN(C(C)C)CC3)nc(N3CCC(F)(F)CC3)nc2cc1OCCCN1CCCC1,268,-0.01224153656345481,0.05627765271217114,0,0.0,0.0,1,0.05,0.02564102564102564
COc1cc2c(Nc3ccc(NC(=O)c4ccccc4)cc3)ncnc2cc1OCCCN1CCOCC1,268,0.15450420093675557,0.05752761608606231,5,0.25,0.14285714285714285,1,0.05,0.02564102564102564
COc1cc2c(Oc3ccc(NC(=O)C4(C(=O)Nc5ccc(F)cc5)CC4)cc3F)ccnc2cc1OCCCN1CCOCC1,268,0.1239290369920582,0.07135015370497248,2,0.1,0.05263157894736842,2,0.1,0.05263157894736842
COc1cc2c(Oc3ccc4[nH]c(C)cc4c3F)ncnc2cc1OCCCN1CCCC1,268,-0.019995050020354763,-0.07853572869124158,3,0.15,0.08108108108108109,1,0.05,0.02564102564102564
COc1cc2c(cc1-c1c(C)noc1C)ncc1[nH]c(=O)n([C@H](C)c3ccccn3)c12,268,-0.14654371100098684,-0.11560384452575265,2,0.1,0.05263157894736842,0,0.0,0.0
COc1cc2c(cc1NS(=O)(=O)c1ccc(Br)cc1C)n(C)c(=O)n2C,268,-0.016629811969350025,0.023148324207457757,1,0.05,0.02564102564102564,0,0.0,0.0
COc1cc2c(cc1OC)C1C(=O)c3ccc4c(c3OC1CO2)CC(C(C)C)O4,268,0.11977516868271315,-0.057694693484667214,3,0.15,0.08108108108108109,2,0.1,0.05263157894736842
COc1cc2c(cc1OCCCN1CCCC1)N=C(N)C21CCC1,268,0.07585874977478838,0.07631384865904801,1,0.05,0.02564102564102564,0,0.0,0.0
COc1cc2c3c(n(CCCNCCO)c(=O)c2cc1OC)-c1cc2c(cc1C3=O)OCO2,268,0.03177338319887135,-0.20153898233655246,4,0.2,0.1111111111111111,0,0.0,0.0
COc1cc2nc(N3CCCC3)nc(NCCCCCN3CCCC3)c2cc1OC,268,0.09594481957199506,0.10477810188853566,3,0.15,0.08108108108108109,2,0.1,0.05263157894736842
COc1cc2nccc(Oc3ccc(NC(=O)C4(C(=O)Nc5ccc(F)cc5)CC4)cc3)c2cc1OC,268,0.03035571900324616,0.004066589071267861,3,0.15,0.08108108108108109,1,0.05,0.02564102564102564
COc1cc2nccc(Oc3ccc(NC(=O)Nc4cc(C)on4)c(Cl)c3)c2cc1OC,268,0.14560982315356094,0.0529286236625236,2,0.1,0.05263157894736842,4,0.2,0.1111111111111111
COc1cc2ncn(-c3cc(OCc4ccccc4C(F)(F)F)c(C(N)=O)s3)c2cc1OC,268,0.0496986684305385,-0.061143470234974406,1,0.05,0.02564102564102564,2,0.1,0.05263157894736842
COc1cc2ncn(-c3cc(OCc4ccccc4S(C)(=O)=O)c(C#N)s3)c2cc1OC,268,0.047934380975121045,0.08563527128569175,1,0.05,0.02564102564102564,3,0.15,0.08108108108108109
COc1cc2ncnc(-n3nc(-c4ccccn4)nc3N)c2cc1OC,268,-0.0731574573562994,0.09399350517784077,1,0.05,0.02564102564102564,4,0.2,0.1111111111111111
COc1cc2ncnc(Nc3cc(Br)c(O)c(Br)c3)c2cc1OC,268,0.0643703083513139,-0.12877864551350426,3,0.15,0.08108108108108109,0,0.0,0.0
COc1cc2ncnc(Nc3ccc(F)c(Cl)c3)c2cc1NC(=O)C=CCN1CCCCC1,268,0.15873724398349923,0.00789877104598556,3,0.15,0.08108108108108109,4,0.2,0.1111111111111111
COc1cc2ncnc(Nc3ccc(F)c(Cl)c3)c2cc1OCCCN1CCOCC1,268,0.14518402515637008,-0.07207706507352962,2,0.1,0.05263157894736842,1,0.05,0.02564102564102564
COc1cc2ncnc(Nc3cccc(Cl)c3F)c2cc1OC(=O)N1CCN(C)CC1C,268,0.16624014134249182,-0.09774651241515989,4,0.2,0.1111111111111111,1,0.05,0.02564102564102564
COc1ccc(-c2cc3nccn3c(Nc3ncccc3C(N)=O)n2)cc1OC,268,0.04544318215114644,-0.03378205252090493,5,0.25,0.14285714285714285,1,0.05,0.02564102564102564
COc1ccc(-c2ccc3c(N4CCOC[C@@H]4C)nc(N4CCOC[C@@H]4C)nc3n2)cc1CO,268,0.22178028449291073,-0.20574147764996908,2,0.1,0.05263157894736842,0,0.0,0.0
COc1ccc(-n2c(SCCCN3C(=O)c4cccc5cccc(c45)C3=O)nnc2-c2ccncc2)cc1,268,-0.11035898574044276,0.2049721735086316,1,0.05,0.02564102564102564,2,0.1,0.05263157894736842
COc1ccc(C(=O)CC2(O)C(=O)Nc3c(Cl)ccc(Cl)c32)cc1,268,0.14389977351037717,-0.09452840222262814,2,0.1,0.05263157894736842,1,0.05,0.02564102564102564
COc1ccc(CCc2nc3cc(-c4c(C)noc4C)ccc3n2C[C@H](C)N2CCOCC2)cc1Cl,268,-0.07782689659342899,0.14611915985005425,2,0.1,0.05263157894736842,1,0.05,0.02564102564102564
COc1ccc(COc2ccc(Cc3cnc(N)nc3N)cc2OC)cc1,268,-0.03846147252254384,0.00807208267588169,3,0.15,0.08108108108108109,0,0.0,0.0
COc1ccc(Cl)c(Nc2nc3ccccc3nc2NS(=O)(=O)c2cccc(NC(=O)C(C)(C)N)c2)c1,268,-0.015435333253950786,0.019557406983710574,3,0.15,0.08108108108108109,3,0.15,0.08108108108108109
COc1ccc(Cn2ccc3ccc(C(=O)NO)cc32)cc1,268,0.2088947518370721,0.008019091709906254,4,0.2,0.1111111111111111,3,0.15,0.08108108108108109
COc1ccc(N(C(=O)Oc2c(C)cccc2C)c2ccnc(Nc3ccc(N4CCN(C)CC4)cc3)n2)c(OC)c1,268,0.2597822881748477,-0.031005325903792093,4,0.2,0.1111111111111111,2,0.1,0.05263157894736842
COc1ccc2ccccc2c1Cn1cnc2sc3c(c2c1=O)CCC(NCc1cccnc1)C3,268,0.10879232341695722,0.1831006198696173,1,0.05,0.02564102564102564,2,0.1,0.05263157894736842
COc1cccc2c1=NC(=c1nc(C3CCC(C(=O)O)CC3)n3c1=C(N)N=CN3)C=2,268,0.02165023842817573,-0.09347731082692713,0,0.0,0.0,0,0.0,0.0
COc1cccc2c1C(=O)c1c(O)c3c(c(O)c1C2=O)C[C@@](O)(C(=O)CO)C[C@@H]3O[C@H]1C[C@H](N)[C@@H](O)[C@H](C)O1,268,0.2006674368020388,-0.20771024789173878,2,0.1,0.05263157894736842,0,0.0,0.0
COc1cccc2c1C(=O)c1c(O)c3c(c(O)c1C2=O)C[C@@](O)(C(=O)CO)C[C@H]3O[C@H]1C[C@H](N)[C@H](O)[C@H](C)O1,268,0.05191057369266611,-0.14451571556195048,7,0.35,0.21212121212121213,0,0.0,0.0
COc1ccccc1S(=O)(=O)Nc1ccc2c(c1)CN(C)C(=O)N2,268,0.10917136467946387,-0.043587251495747936,1,0.05,0.02564102564102564,1,0.05,0.02564102564102564
COc1nc(C)cnc1NS(=O)(=O)c1cccnc1-c1ccc(-c2nnco2)cc1,268,0.08715580029762218,0.04275872215714377,3,0.15,0.08108108108108109,3,0.15,0.08108108108108109
COc1nc(N)nc2c1ncn2[C@@H]1O[C@H](CO)[C@@H](O)[C@@H]1O,268,0.121571874140845,0.09729702433906239,3,0.15,0.08108108108108109,2,0.1,0.05263157894736842
COc1ncc(-c2ccc3nccc(-c4ccnnc4)c3c2)cc1NS(=O)(=O)c1ccc(F)cc1F,268,0.06342519888756376,0.06602612018226398,2,0.1,0.05263157894736842,2,0.1,0.05263157894736842
COc1nnc2ccc(N3CCC(c4ccc(OCCN5CCN(C)C(=O)C5C)cc4)CC3)nn12,268,0.20971580009812676,-0.134626977887805,1,0.05,0.02564102564102564,1,0.05,0.02564102564102564
CS(=O)(=O)CCNCc1ccc(-c2ccc3ncnc(Nc4ccc(OCc5cccc(F)c5)c(Cl)c4)c3c2)o1,268,0.055447253104179604,0.2106091654421597,2,0.1,0.05263157894736842,2,0.1,0.05263157894736842
CS(=O)(=O)N1CCN(Cc2cc3nc(-c4cccc5[nH]ncc45)nc(N4CCOCC4)c3s2)CC1,268,0.19823982713723473,-0.0927647381903398,1,0.05,0.02564102564102564,1,0.05,0.02564102564102564
CS(=O)(=O)O.Cc1ccc(C(=O)N(CCCN)C(c2nc3cc(Cl)ccc3c(=O)n2Cc2ccccc2)C(C)C)cc1,268,0.19445627216658862,-0.18405009329527125,3,0.15,0.08108108108108109,0,0.0,0.0
CS(=O)(=O)c1ccc(-c2cnc(N)c(C(=O)Nc3ccccc3)n2)cc1,268,0.21066714379316812,0.08988701702630908,2,0.1,0.05263157894736842,1,0.05,0.02564102564102564
CS(=O)(=O)c1ccc(C(=O)Nc2ccc(Cl)c(-c3ccccn3)c2)c(Cl)c1,268,-0.12015483336834892,0.019432098934756895,2,0.1,0.05263157894736842,0,0.0,0.0
C[C@@H](N)c1ccc(C(=O)Nc2ccnc3[nH]ccc23)cc1,268,-0.008227938458162385,-0.008681790496163765,5,0.25,0.14285714285714285,0,0.0,0.0
C[C@@H](Oc1cc(-c2cnn(C3CCNCC3)c2)cnc1N)c1c(Cl)ccc(F)c1Cl,268,0.08518141924769036,0.03559247328787747,4,0.2,0.1111111111111111,3,0.15,0.08108108108108109
C[C@@H]1COCCN1c1cc(C2(S(C)(=O)=O)CC2)nc(-c2cccc3[nH]ccc23)n1,268,0.14815775348228571,-0.16172281734886818,3,0.15,0.08108108108108109,1,0.05,0.02564102564102564
C[C@@]1(C(=O)Nc2ccc(F)nc2)CCCN1c1nc(Nc2cc(C3CC3)n[nH]2)c2cccn2n1,268,0.1778651124312442,-0.022092245426723778,4,0.2,0.1111111111111111,3,0.15,0.08108108108108109
C[C@@]1(c2nc3c(C(N)=O)cccc3[nH]2)CCCN1,268,0.21462401039371037,0.008023455671810115,4,0.2,0.1111111111111111,4,0.2,0.1111111111111111
C[C@]1(O)C[C@@H](c2nc(-c3ccc4ccc(-c5ccccc5)nc4c3)c3c(N)nccn32)C1,268,-0.044044220649394936,-0.030106973174726173,2,0.1,0.05263157894736842,1,0.05,0.02564102564102564
C[C@]12CC[C@@H]3c4ccc(O)cc4C[C@@H](CCCCCCCCCS(=O)CCCC(F)(F)C(F)(F)F)[C@@H]3[C@H]1CC[C@@H]2O,268,0.10715396743362257,0.09525281989866878,3,0.15,0.08108108108108109,1,0.05,0.02564102564102564
C[C@]12O[C@H](C[C@]1(O)CO)n1c3ccccc3c3c4c(c5c6ccccc6n2c5c31)CNC4=O,268,0.03644656297477567,-0.29058687183106224,2,0.1,0.05263157894736842,1,0.05,0.02564102564102564
Cc1[nH]c(C=C2C(=O)Nc3ccc(S(=O)(=O)Cc4c(Cl)cccc4Cl)cc32)c(C)c1C(=O)N1CCC[C@@H]1CN1CCCC1,268,0.09097302011724094,0.11565247152982423,1,0.05,0.02564102564102564,3,0.15,0.08108108108108109
Cc1[nH]c(C=C2C(=O)Nc3ccc(S(=O)(=O)N(C)c4cccc(Cl)c4)cc32)c(C)c1C(=O)N1CCN(C)CC1,268,0.281206847430281,-0.08912768765503752,2,0.1,0.05263157894736842,3,0.15,0.08108108108108109
Cc1[nH]c2ccccc2c1CCNCc1ccc(C=CC(=O)NO)cc1,268,0.08007807751269132,-0.14422270669126275,3,0.15,0.08108108108108109,1,0.05,0.02564102564102564
Cc1c(CN2CCN(C(=O)C(C)O)CC2)sc2c(N3CCOCC3)nc(-c3cnc(N)nc3)nc12,268,0.0628703523026445,-0.1958683255540517,4,0.2,0.1111111111111111,2,0.1,0.05263157894736842
Cc1c(N)nc(C(CC(N)=O)NCC(N)C(N)=O)nc1C(=O)NC(C(=O)NC(C)C(O)C(C)C(=O)NC(C(=O)NCCc1nc(-c2nc(C(=O)NCCC[S+](C)C)cs2)cs1)C(C)O)C(OC1OC(CO)C(O)C(O)C1OC1OC(CO)C(O)C(OC(N)=O)C1O)c1cnc[nH]1,268,0.1939413246619332,0.015712133123281298,2,0.1,0.05263157894736842,0,0.0,0.0
Cc1c2c(nn1C)CSCc1cc(n(C)n1)CSc1cc(c3ccccc3c1)OCCCc1c(C(=O)O)n(C)c3c-2c(Cl)ccc13,268,0.0779179163702809,0.15846917203797642,3,0.15,0.08108108108108109,3,0.15,0.08108108108108109
Cc1c2oc3c(C)ccc(C(=O)N[C@@H]4C(=O)N[C@H](C(C)C)C(=O)N5CCC[C@H]5C(=O)N(C)CC(=O)N(C)[C@@H](C(C)C)C(=O)O[C@@H]4C)c3nc-2c(C(=O)N[C@@H]2C(=O)N[C@H](C(C)C)C(=O)N3CCC[C@H]3C(=O)N(C)CC(=O)N(C)[C@@H](C(C)C)C(=O)O[C@@H]2C)c(N)c1=O,268,0.048072157486657184,-0.2615191450125837,0,0.0,0.0,1,0.05,0.02564102564102564
Cc1c[nH]c(-c2cnc(NCCNc3ccc(C#N)cc3)nc2-c2ccc(Cl)cc2Cl)n1,268,-0.023405797959785462,0.029044660162700964,2,0.1,0.05263157894736842,2,0.1,0.05263157894736842
Cc1cc(-c2ccc(CC(=O)Nc3ccc(-c4cccnc4)cc3)cc2)ccn1,268,0.10480490908308795,-0.0022698836131360236,4,0.2,0.1111111111111111,1,0.05,0.02564102564102564
Cc1cc(-c2ncc(CC(=O)Nc3ccc(-c4cnccn4)cn3)cc2C)ccn1,268,0.08832596551098564,0.15111901334561892,2,0.1,0.05263157894736842,1,0.05,0.02564102564102564
Cc1cc(C(C)Nc2ccccc2)c2nc(N3CCOCC3)cc(=O)n2c1,268,0.06926605018431505,-0.05426586627449195,2,0.1,0.05263157894736842,0,0.0,0.0
Cc1cc(CS(=O)(=O)c2ccccc2)cc(OCc2ccc(CN3CCCC3CO)cc2)c1,268,0.0025017970171696963,-0.014194097803867342,2,0.1,0.05263157894736842,1,0.05,0.02564102564102564
Cc1cc(N2CC(C)NC(C)C2)ncc1-c1ccc(-c2nc3c(ccn3C)c(=O)[nH]2)cc1,268,0.14391411224234701,-0.060553711954824264,3,0.15,0.08108108108108109,1,0.05,0.02564102564102564
Cc1cc(N2CCOCC2)cc2[nH]c(-c3c(NC[C@@H](O)c4cccc(Cl)c4)cc[nH]c3=O)nc12,268,-0.1742467645898156,-0.10548007633192792,3,0.15,0.08108108108108109,0,0.0,0.0
Cc1cc(Nc2cc(N3CCN(C)CC3)nc(Sc3ccc(NC(=O)C4CC4)cc3)n2)n[nH]1,268,0.23123574309231584,-0.16635298092886303,3,0.15,0.08108108108108109,0,0.0,0.0
Cc1cc(Nc2nc(N[C@@H](C)c3ccc(F)cc3)c(C#N)cc2F)n[nH]1,268,-0.045877084649015895,0.1915442627304561,5,0.25,0.14285714285714285,1,0.05,0.02564102564102564
Cc1cc(Nc2nc(N[C@@H](C)c3ncc(F)cn3)ncc2Cl)n[nH]1,268,-0.06630666059036923,-0.14844889208358608,2,0.1,0.05263157894736842,1,0.05,0.02564102564102564
Cc1cc([C@@H](C)Nc2ccccc2C(=O)O)c2nc(N3CCOCC3)cc(=O)n2c1,268,0.026398852402703905,-0.0259331553252492,1,0.05,0.02564102564102564,2,0.1,0.05263157894736842
Cc1cc([N+](=O)[O-])ccc1NS(=O)(=O)c1cc(Cl)ccc1Cl,268,0.14421023822868032,0.00429538535965592,6,0.3,0.17647058823529413,0,0.0,0.0
Cc1cc2c(C(=O)NCC(C)c3ccccc3)c(O)c(O)cc2c(O)c1-c1c(C)cc2c(C(=O)NCC(C)c3ccccc3)c(O)c(O)cc2c1O,268,-0.019733212306123196,-0.06313281344000517,4,0.2,0.1111111111111111,0,0.0,0.0
Cc1ccc(-c2c(C(=O)CCl)n(CCCO)c3ncnc(N)c23)cc1,268,0.11691677363568521,-0.07341430768549798,2,0.1,0.05263157894736842,1,0.05,0.02564102564102564
Cc1ccc(-c2c(C(=O)CF)n(CCCO)c3ncnc(N)c23)cc1,268,0.24127285547119254,0.13492622098978393,2,0.1,0.05263157894736842,1,0.05,0.02564102564102564
Cc1ccc(-c2cnccc2-c2cnc(Nc3ccc(O)cc3)s2)c(Cl)c1,268,-0.02009105718223967,-0.07896526722720716,3,0.15,0.08108108108108109,0,0.0,0.0
Cc1ccc(-n2nc(C(C)(C)C)cc2NC(=O)Nc2ccc(OCCN3CCOCC3)c3ccccc23)cc1,268,0.19451612078698438,0.06577301039184014,3,0.15,0.08108108108108109,0,0.0,0.0
Cc1ccc(C(=O)N(CCCN)C(c2nc3snc(C)c3c(=O)n2Cc2ccccc2)C(C)C)cc1,268,0.02894927642394518,-0.02610896064766182,3,0.15,0.08108108108108109,2,0.1,0.05263157894736842
Cc1ccc(C(=O)Nc2ccc(CN3CCN(C)CC3)c(C(F)(F)F)c2)cc1C#Cc1cnc2cccnn12,268,0.2154182514602128,0.05076409855820932,4,0.2,0.1111111111111111,0,0.0,0.0
Cc1ccc(C(=O)Nc2cccc(C(F)(F)F)c2)cc1Nc1nc(-c2cccnc2)nc2c1cnn2C,268,-0.0027623878851430164,-0.029433052772144457,4,0.2,0.1111111111111111,1,0.05,0.02564102564102564
Cc1ccc(F)c(NC(=O)Nc2ccc(-c3cccc4[nH]nc(N)c34)cc2)c1,268,0.09384014308807657,0.013464692742793697,3,0.15,0.08108108108108109,2,0.1,0.05263157894736842
Cc1ccc(NC(=O)c2ccc(CN3CCN(C)CC3)cc2)cc1Nc1nc(-c2cccnc2)cs1,268,0.1837146916518032,-0.02859143154782871,4,0.2,0.1111111111111111,2,0.1,0.05263157894736842
Cc1ccc(NC(=O)c2ccc(CN3CCN(C)CC3)cc2)cc1Nc1nccc(-c2cccnc2)n1,268,0.2494079038831156,-0.050817089524184754,5,0.25,0.14285714285714285,1,0.05,0.02564102564102564
Cc1ccc(NC(=O)c2cccc(C(C)(C)C#N)c2)cc1Nc1ccc2ncn(C)c(=O)c2c1,268,0.06505108640831596,0.0634401610426627,4,0.2,0.1111111111111111,2,0.1,0.05263157894736842
Cc1ccc(Nc2cc(-c3cccc(N4C(=O)c5ccccc5C4=O)c3)ncn2)cc1NS(C)(=O)=O,268,0.02344694388630757,0.01360059898494246,1,0.05,0.02564102564102564,2,0.1,0.05263157894736842
Cc1ccc(Nc2nccc(N(C)c3ccc4c(C)n(C)nc4c3)n2)cc1S(N)(=O)=O,268,0.05100598673230895,0.06349751597054201,4,0.2,0.1111111111111111,0,0.0,0.0
Cc1ccc2cc(C(=O)Nc3cc(NC(=O)c4ccc5c(c4)OCCO5)ccc3C)ccc2n1,268,0.038978284302143264,-0.05233138430482398,1,0.05,0.02564102564102564,2,0.1,0.05263157894736842
Cc1ccc2nc(NC(=O)CSc3nc4c(c(=O)n3-c3ccccc3)SCC4)sc2c1,268,0.1283553412088299,0.035445968852533614,3,0.15,0.08108108108108109,1,0.05,0.02564102564102564
Cc1ccc2nc(NCCN)c3ncc(C)n3c2c1,268,0.10682729371396224,-0.09153659462596793,2,0.1,0.05263157894736842,1,0.05,0.02564102564102564
Cc1cccc(-c2[nH]c(C(C)(C)C)nc2-c2ccc3c(c2)OCO3)n1,268,0.0023228745791114597,0.1175208706478052,2,0.1,0.05263157894736842,1,0.05,0.02564102564102564
Cc1cccc(-c2nn(C(=S)Nc3ccccc3)cc2-c2ccnc3ccccc23)n1,268,0.07205649211026857,0.012672321945678649,3,0.15,0.08108108108108109,0,0.0,0.0
Cc1cccc(Nc2nc(-c3ccncc3)cs2)c1,268,0.032526478338851667,-0.01122598028611381,4,0.2,0.1111111111111111,1,0.05,0.02564102564102564
Cc1ccccc1-n1c(Cn2cnc3c(N)ncnc32)nc2cccc(C)c2c1=O,268,-0.027194963738593692,0.020255640888328083,1,0.05,0.02564102564102564,1,0.05,0.02564102564102564
Cc1ccccc1C(C(=O)NC1CCCCC1)N(C(=O)Cn1ccnc1C)c1cccc(F)c1,268,0.009470420754504074,0.16311803831184496,3,0.15,0.08108108108108109,2,0.1,0.05263157894736842
Cc1cn(-c2cc(NC(=O)c3ccc(C)c(Nc4nccc(-c5cccnc5)n4)c3)cc(C(F)(F)F)c2)cn1,268,0.08991070710521575,-0.026860808941383887,2,0.1,0.05263157894736842,1,0.05,0.02564102564102564
Cc1cnc(-c2ccccc2C(C)C)nc1NCc1ccc(-n2ccnn2)cc1,268,0.07816790904505914,0.18511739369232943,2,0.1,0.05263157894736842,2,0.1,0.05263157894736842
Cc1cnc(CNC(=O)c2c(=O)c3ccc(N4CCCN(C)CC4)nc3n3c2sc2ccccc23)cn1,268,0.2023749927527061,-0.08850862848781862,3,0.15,0.08108108108108109,1,0.05,0.02564102564102564
Cc1cnc(Nc2ccc(F)cc2Cl)nc1-c1c[nH]c(C(=O)NC(CO)c2cccc(Cl)c2)c1,268,0.05526022616544277,0.004132671922954876,3,0.15,0.08108108108108109,2,0.1,0.05263157894736842
Cc1cnc(Nc2ccc(OCCN3CCCC3)cc2)nc1Nc1cccc(S(=O)(=O)NC(C)(C)C)c1,268,0.08003693158616923,-0.11487880342658288,6,0.3,0.17647058823529413,4,0.2,0.1111111111111111
Cc1csc(=NC2CCCCC2)n1N=Cc1ccc(O)c(O)c1O,268,0.015094944225449753,0.04617632775099482,1,0.05,0.02564102564102564,2,0.1,0.05263157894736842
Cc1n[nH]c2ccc(-c3cncc(OC[C@@H](N)Cc4c[nH]c5ccccc45)c3)cc12,268,0.09833627069531004,-0.045801650450392035,3,0.15,0.08108108108108109,0,0.0,0.0
Cc1nc(-c2cn3c(n2)-c2ccc(-c4cnn(C(C)(C)C(N)=O)c4)cc2OCC3)n(C(C)C)n1,268,0.0463808105373471,-0.1540397507055591,0,0.0,0.0,0,0.0,0.0
Cc1nc(NC(=O)N2CCC[C@H]2C(N)=O)sc1-c1ccnc(C(C)(C)C(F)(F)F)c1,268,0.08216841526463999,0.11592179032160527,1,0.05,0.02564102564102564,5,0.25,0.14285714285714285
Cc1nc(Nc2ncc(C(=O)Nc3c(C)cccc3Cl)s2)cc(N2CCN(CCO)CC2)n1,268,0.13017636016899753,-0.23372133110812834,8,0.4,0.25,0,0.0,0.0
Cc1ncc(-c2ccnc(Nc3ccc(S(C)(=O)=O)cc3)n2)n1C(C)C,268,-0.024605887483346807,-0.23980594084836662,4,0.2,0.1111111111111111,0,0.0,0.0
Cc1ncc(Cl)cc1NCc1ccc(C(=O)NC(CC2CCCC2)C(=O)NC2CC2)s1,268,-0.01901253516885727,0.05432883201053334,2,0.1,0.05263157894736842,2,0.1,0.05263157894736842
Cc1nnc(-c2ccc(N3CCC(Oc4cc(F)ccc4Cl)CC3)nn2)o1,268,-0.02362960686314054,-0.022614674008928665,2,0.1,0.05263157894736842,1,0.05,0.02564102564102564
Cc1oncc1C(=O)Nc1ccc(C(F)(F)F)cc1,268,-0.027562159961647004,0.103246351260281,5,0.25,0.14285714285714285,2,0.1,0.05263157894736842
Cc1sc2c(c1C)C(c1ccc(Cl)cc1)=NC(CC(=O)OC(C)(C)C)c1nnc(C)n1-2,268,0.1908516396340007,-0.035958422664672536,4,0.2,0.1111111111111111,1,0.05,0.02564102564102564
Cc1sc2c(c1C)C(c1ccc(Cl)cc1)=N[C@@H](CC(=O)Nc1ccc(O)cc1)c1nnc(C)n1-2,268,0.11524849334215266,-0.04290959055439148,3,0.15,0.08108108108108109,2,0.1,0.05263157894736842
Cl.Cl.O=c1cc(CN2CCOCC2)occ1OCCCCCSc1ccnc2cc(C(F)(F)F)ccc12,268,0.0725302936884019,0.12964645050924317,3,0.15,0.08108108108108109,0,0.0,0.0
Cl.Cn1ncc(Cl)c1-c1cc(C(=O)NC(CN)Cc2cccc(F)c2)sc1Cl,268,0.11391000388392608,0.06477927392401843,6,0.3,0.17647058823529413,1,0.05,0.02564102564102564
Cl[Pt]Cl,268,0.1723708843942852,-0.14135309002791063,3,0.15,0.08108108108108109,2,0.1,0.05263157894736842
Clc1ccc(C2(c3ccc(-c4cn[nH]c4)cc3)CCNCC2)cc1,268,0.15990553892747528,-0.015011405526147298,3,0.15,0.08108108108108109,3,0.15,0.08108108108108109
Cn1c(=O)n(-c2ccc(C(C)(C)C#N)cc2)c2c3cc(-c4cnc5ccccc5c4)ccc3ncc21,268,0.025583414949811315,-0.09751085847235148,2,0.1,0.05263157894736842,0,0.0,0.0
Cn1cc(-c2ccc3c(c2)CCN3C(=O)Cc2cccc(C(F)(F)F)c2)c2c(N)ncnc21,268,-0.015304414396835005,0.032273368548427814,0,0.0,0.0,0,0.0,0.0
Cn1cc(-c2ccc3nnc(C(F)(F)c4ccc5ncccc5c4)n3n2)cn1,268,0.1590925951670992,0.0706039162194125,2,0.1,0.05263157894736842,0,0.0,0.0
Cn1cc(-c2cnn3c(N)c(Br)c(C4CCCNC4)nc23)cn1,268,0.044371517792184394,-0.02075375596849718,3,0.15,0.08108108108108109,1,0.05,0.02564102564102564
Cn1cc(C2=C(c3ccc(Cl)cc3Cl)C(=O)NC2=O)c2ccccc21,268,-0.0045572230738874855,0.10629302009230401,3,0.15,0.08108108108108109,2,0.1,0.05263157894736842
Cn1cc(C2=C(c3cn(C4CCN(Cc5ccccn5)CC4)c4ccccc34)C(=O)NC2=O)c2ccccc21,268,0.12921504170389023,0.1515211212639031,1,0.05,0.02564102564102564,2,0.1,0.05263157894736842
Cn1cc(C=C2C(=O)Nc3cccnc32)c2ccccc21,268,0.14651316326765984,0.05473093992881754,4,0.2,0.1111111111111111,1,0.05,0.02564102564102564
Cn1cnc2c(F)c(Nc3ccc(Br)cc3Cl)c(C(=O)NOCCO)cc21,268,0.21121949668557094,-0.010687342702551733,7,0.35,0.21212121212121213,1,0.05,0.02564102564102564
Cn1cncc1[C@](N)(c1ccc(Cl)cc1)c1ccc2c(c1)c(-c1cccc(Cl)c1)cc(=O)n2C,268,-0.07733002835951813,-0.06085669559557793,3,0.15,0.08108108108108109,1,0.05,0.02564102564102564
Cn1ncc(Cl)c1-c1cc(C(=O)NC(CN)Cc2ccc(F)c(F)c2)oc1Cl,268,0.16291916633365477,0.09488188313684075,3,0.15,0.08108108108108109,1,0.05,0.02564102564102564
Cn1ncc(Cl)c1-c1cc(C(=O)NC(CN)Cc2cccc(F)c2)sc1Cl,268,-0.03490109703768031,0.11772722370354483,3,0.15,0.08108108108108109,3,0.15,0.08108108108108109
Cn1ncnc1[C@H]1c2n[nH]c(=O)c3cc(F)cc(c23)N[C@@H]1c1ccc(F)cc1,268,-0.04888510124703328,0.011366250490166433,0,0.0,0.0,0,0.0,0.0
Cn1nnc2c(C(N)=O)ncn2c1=O,268,0.16348274084238176,0.15038649116889963,1,0.05,0.02564102564102564,2,0.1,0.05263157894736842
FC(F)c1nc2ccccc2n1-c1nc(N2CCOCC2)nc(N2CCOCC2)n1,268,0.038458349412454865,-0.15823538836455536,1,0.05,0.02564102564102564,0,0.0,0.0
N#C/C(=C\c1ccc(-c2cc(Cl)ccc2Cl)o1)C(=O)Nc1cccc2ncccc12,268,0.052570778786407125,-0.013166696487073007,1,0.05,0.02564102564102564,3,0.15,0.08108108108108109
N#CC(c1ccnc(NCCc2cccnc2)n1)c1nc2ccccc2s1,268,-0.05695344338414023,0.06960830948220345,3,0.15,0.08108108108108109,0,0.0,0.0
N#CC1=C(N)NC(=C2C(=O)C=CC=C2OCC2CC2)C=C1C1CCNCC1,268,0.22500400549360458,0.06034299493718076,2,0.1,0.05263157894736842,2,0.1,0.05263157894736842
N#CC[C@H](C1CCCC1)n1cc(-c2ncnc3[nH]ccc23)cn1,268,0.026595854111506702,0.25433294660318556,2,0.1,0.05263157894736842,1,0.05,0.02564102564102564
N#Cc1cc(-c2ccnc(Nc3ccc(-n4cnc(-c5cccnc5)n4)cc3)n2)cc(N2CCOCC2)c1,268,0.015262021624054656,-0.11211080473327775,2,0.1,0.05263157894736842,1,0.05,0.02564102564102564
N#Cc1ccc(-c2csc(NN=C3CCCC3)n2)cc1,268,0.15033350020292421,0.10372701049283467,2,0.1,0.05263157894736842,3,0.15,0.08108108108108109
N=C(N)NC(=N)NCCc1ccccc1,268,0.09222921772242333,0.0009575779263325824,3,0.15,0.08108108108108109,1,0.05,0.02564102564102564
N=C(N)c1ccccc1,268,0.049658145927145514,0.09397417906083798,2,0.1,0.05263157894736842,2,0.1,0.05263157894736842
NC(=O)C1CCCc2c1[nH]c1ccc(Cl)cc21,268,0.1324175663181939,0.11051982890775644,0,0.0,0.0,2,0.1,0.05263157894736842
NC(=O)Nc1cc(-c2cccc(F)c2)sc1C(=O)N[C@@H]1CCCNC1,268,0.10566024561624439,-0.024895779238388895,1,0.05,0.02564102564102564,3,0.15,0.08108108108108109
NC(=O)Nc1sc(-c2ccc(F)cc2)cc1C(N)=O,268,0.20863104385345316,-0.1171106582288424,2,0.1,0.05263157894736842,1,0.05,0.02564102564102564
NC(=O)[C@@H](CCC(F)(F)F)N(Cc1ccc(-c2ncon2)cc1F)S(=O)(=O)c1ccc(Cl)cc1,268,0.08414965396899217,0.10265783982638911,3,0.15,0.08108108108108109,1,0.05,0.02564102564102564
NC(=O)c1ccc(N(C(N)=O)c2c(F)cccc2F)nc1-c1ccc(F)cc1F,268,0.13860691114412482,-0.12270650423584843,3,0.15,0.08108108108108109,1,0.05,0.02564102564102564
NC(=O)c1cccc(-c2cc(Nc3ccc(OC(F)(F)F)cc3)ncn2)c1,268,0.09685252364799783,0.06534783581777841,5,0.25,0.14285714285714285,2,0.1,0.05263157894736842
NC(=O)c1cccc2cn(-c3ccc(C4CCCNC4)cc3)nc12,268,0.23349128797348206,0.19877659445140944,3,0.15,0.08108108108108109,3,0.15,0.08108108108108109
NC(=O)c1cnc(N[C@@H]2CCCC[C@@H]2N)nc1Nc1cccc(-n2nccn2)c1,268,0.14372895557299753,0.08719881649353166,3,0.15,0.08108108108108109,3,0.15,0.08108108108108109
NC(=O)c1ncn(C2OC(COP(=O)(O)O)C(O)C2O)c1N,268,0.19209599219972975,0.22362437010885589,1,0.05,0.02564102564102564,3,0.15,0.08108108108108109
NC(CCC(=O)NC(CS)C(=O)NCC(=O)O)C(=O)O,268,-0.04253803036943431,0.07751518502886759,0,0.0,0.0,2,0.1,0.05263157894736842
NC(CSC(c1ccccc1)(c1ccccc1)c1ccccc1)C(=O)O,268,-0.0050534678846692145,-0.04737579385142704,3,0.15,0.08108108108108109,2,0.1,0.05263157894736842
NC1(C(=O)NC(CCO)c2ccc(Cl)cc2)CCN(c2ncnc3[nH]ccc23)CC1,268,0.014214670767128394,-0.09713929828739432,3,0.15,0.08108108108108109,2,0.1,0.05263157894736842
NC1(C(=O)N[C@@H](CCO)c2ccc(Cl)cc2)CCN(c2ncnc3[nH]ccc23)CC1,268,0.012797629994632326,0.08161356867972071,1,0.05,0.02564102564102564,1,0.05,0.02564102564102564
NC1(c2ccc(-c3nc4ccn5c(=O)[nH]nc5c4cc3-c3ccccc3)cc2)CCC1,268,0.09011893043034273,0.025698748228699032,1,0.05,0.02564102564102564,0,0.0,0.0
NC1=NC(=O)C(=Cc2ccc(O)cc2)S1,268,0.22414305815228605,0.0797214794828331,4,0.2,0.1111111111111111,0,0.0,0.0
NCC(=O)Nc1ccc(-n2nc(C(F)(F)F)cc2-c2ccc3c(ccc4ccccc43)c2)cc1,268,0.09345923155618256,-0.0468465076148018,5,0.25,0.14285714285714285,0,0.0,0.0
NCC(O)(c1ccc(Cl)cc1)c1ccc(-c2cn[nH]c2)cc1,268,0.006968000314205256,0.04242456735993396,3,0.15,0.08108108108108109,4,0.2,0.1111111111111111
NCCOc1cc(C(=O)Nc2cc(OCCN)c3ccccc3n2)nc(C(=O)Nc2cc(OCCN)c3ccccc3n2)c1,268,0.1983707459943505,0.03793529740712086,3,0.15,0.08108108108108109,2,0.1,0.05263157894736842
NCc1ccc(OCCCc2sc(-c3ccc4c(c3)C(=NNc3nc5ccccc5s3)CCC4)nc2C(=O)O)cc1,268,0.08097954735740287,0.09338379735755872,1,0.05,0.02564102564102564,2,0.1,0.05263157894736842
NS(=O)(=O)OCC1CC(n2ccc3c(NC4CCc5ccccc54)ncnc32)CC1O,268,0.21730410642580922,-0.2950817525920375,6,0.3,0.17647058823529413,0,0.0,0.0
N[C@@H]1CCCN(c2c(C=C3SC(=O)NC3=O)cccc2-c2ccccc2)C1,268,0.34966307096986554,-0.043744977547416006,1,0.05,0.02564102564102564,2,0.1,0.05263157894736842
Nc1[nH]nc2nnc(-c3c(-c4ccccc4)nn4ccccc34)cc12,268,0.0013397363044848436,-0.03455946116292103,1,0.05,0.02564102564102564,1,0.05,0.02564102564102564
Nc1cc(C(F)(F)F)c(-c2cc(N3CCOCC3)nc(N3CCOCC3)n2)cn1,268,0.08692949770175062,-0.20927753363835347,4,0.2,0.1111111111111111,2,0.1,0.05263157894736842
Nc1ccc(-c2ccc3ncc4ccc(=O)n(-c5cccc(C(F)(F)F)c5)c4c3c2)cn1,268,-0.06085794244183618,-0.043763056818160555,2,0.1,0.05263157894736842,0,0.0,0.0
Nc1ccc(C(=O)Nc2cccc(-c3nc(N4CCOCC4)c4oc5ncccc5c4n3)c2)cn1,268,0.06176252940219331,-0.1956775580765401,3,0.15,0.08108108108108109,2,0.1,0.05263157894736842
Nc1cccc(-c2cc3c(Oc4cccc(O)c4)ncnc3[nH]2)c1,268,-0.13261082748822195,-0.027553432037839286,4,0.2,0.1111111111111111,1,0.05,0.02564102564102564
Nc1cccc2c1CN([C@@H]1CCC(=O)NC1=O)C2=O,268,0.0840324504207171,0.031176767264300853,1,0.05,0.02564102564102564,1,0.05,0.02564102564102564
Nc1ccccc1NC(=O)c1ccc(CNC(=O)OCc2cccnc2)cc1,268,0.03123412219218015,0.03245478467900254,1,0.05,0.02564102564102564,1,0.05,0.02564102564102564
Nc1ccn([C@@H]2O[C@H](CO)[C@@H](O)C2(F)F)c(=O)n1,268,0.05269920395100642,-0.022567917274244453,3,0.15,0.08108108108108109,0,0.0,0.0
Nc1ccn([C@@H]2O[C@H](CO)[C@@H](O)[C@@H]2O)c(=O)n1,268,0.06326248545086272,-0.13821103745713184,4,0.2,0.1111111111111111,1,0.05,0.02564102564102564
Nc1nc(=O)c2c(CCc3ccc(C(=O)N[C@@H](CCC(=O)O)C(=O)O)cc3)c[nH]c2[nH]1,268,0.014696576845940296,0.01607247169191426,2,0.1,0.05263157894736842,0,0.0,0.0
Nc1nc(F)nc2c1ncn2[C@@H]1O[C@H](CO)[C@@H](O)[C@@H]1O,268,-0.06426307957310477,0.021748115859448004,2,0.1,0.05263157894736842,0,0.0,0.0
Nc1nc2c(ncn2C2OC(CO)C(O)C2O)c(=O)[nH]1,268,0.017598611512006816,0.06052316422149724,0,0.0,0.0,0,0.0,0.0
Nc1ncn(C2OC(CO)C(O)C2O)c(=O)n1,268,0.1116058319986883,0.018557436284597644,1,0.05,0.02564102564102564,1,0.05,0.02564102564102564
Nc1ncnc2c1c(-c1cccc(OCc3ccccc3)c1)cn2[C@H]1C[C@H](CN2CCCC2)C1,268,0.12691211666491067,0.003368355166650353,2,0.1,0.05263157894736842,0,0.0,0.0
O=C(C=CN1CC2CC1CN2c1ccccn1)c1ccccc1O,268,0.155852041741919,0.25359730731082064,4,0.2,0.1111111111111111,5,0.25,0.14285714285714285
O=C(C=Cc1ccc(CN(CCO)CCc2c[nH]c3ccccc23)cc1)NO,268,0.15806706411969224,-0.12198520367545339,2,0.1,0.05263157894736842,1,0.05,0.02564102564102564
O=C(C=Cc1cccc(S(=O)(=O)Nc2ccccc2)c1)NO,268,0.21826106092901265,-0.13500913626595729,3,0.15,0.08108108108108109,0,0.0,0.0
O=C(C=Cc1ccccc1)NC(NC(=S)Nc1cccc2cccnc12)C(Cl)(Cl)Cl,268,-0.028601406317894672,-0.04717692187323687,3,0.15,0.08108108108108109,0,0.0,0.0
O=C(C=Cc1cccnc1)NCCCCC1CCN(C(=O)c2ccccc2)CC1,268,0.20152402018145352,-0.0012842516459929164,3,0.15,0.08108108108108109,2,0.1,0.05263157894736842
O=C(CCCCCCC(=O)Nc1ccccc1)NO,268,0.09932626662435699,-0.04860580768518628,5,0.25,0.14285714285714285,1,0.05,0.02564102564102564
O=C(CCCCCCNC(=O)c1cnc(N(c2ccccc2)c2ccccc2)nc1)NO,268,0.09374912331122466,-0.1617153362713187,2,0.1,0.05263157894736842,0,0.0,0.0
O=C(Cc1ccccc1)Nc1nnc(CCSCCc2nnc(NC(=O)Cc3ccccc3)s2)s1,268,0.2216325332113086,0.019586707870779346,3,0.15,0.08108108108108109,0,0.0,0.0
O=C(NC1CC1)c1cccc(-c2ccc3c(NC(=O)C4CC4)n[nH]c3c2)c1,268,-0.060082404069207444,-0.016949004611460882,1,0.05,0.02564102564102564,4,0.2,0.1111111111111111
O=C(NC1CCNCC1)c1n[nH]cc1NC(=O)c1c(Cl)cccc1Cl,268,0.05209573036201557,-0.06156677453964877,2,0.1,0.05263157894736842,2,0.1,0.05263157894736842
O=C(NCC(O)CN1CCc2ccccc2C1)c1ccnc(NC2CCC2)c1,268,0.2514645767860917,0.008953602980461293,5,0.25,0.14285714285714285,4,0.2,0.1111111111111111
O=C(NCCCNc1nc(Nc2cccc(NC(=O)N3CCCC3)c2)ncc1I)c1cccs1,268,0.14213361578557235,0.0272005745467558,2,0.1,0.05263157894736842,1,0.05,0.02564102564102564
O=C(NOCC1CC1)c1ccc(F)c(F)c1Nc1ccc(I)cc1Cl,268,0.13198865120535744,-0.03915533647081413,5,0.25,0.14285714285714285,1,0.05,0.02564102564102564
O=C(NOC[C@H](O)CO)c1ccc(F)c(F)c1Nc1ccc(I)cc1F,268,0.13632518249153547,-0.12442341153345254,8,0.4,0.25,1,0.05,0.02564102564102564
O=C(N[C@@H](COc1ccc2[nH]c(=O)[nH]c2c1)c1ccccc1)c1cccn(Cc2ccc(F)c(F)c2)c1=O,268,0.07299723761211485,0.1335509495669391,1,0.05,0.02564102564102564,2,0.1,0.05263157894736842
O=C(Nc1cc(C(F)(F)F)cc(C(F)(F)F)c1)c1cc(Cl)ccc1O,268,-0.00585893056749584,-0.05637116618153956,1,0.05,0.02564102564102564,0,0.0,0.0
O=C(Nc1ccc(Nc2nccc(Nc3cc(C4CCCC4)[nH]n3)n2)cc1)Nc1cccc(C(F)(F)F)c1,268,0.12694702836014155,0.004357727672568197,4,0.2,0.1111111111111111,0,0.0,0.0
O=C(Nc1ccc(OC(F)(F)F)cc1)c1sccc1NCc1ccnc2ccccc12,268,0.04137472281049121,0.06665453069641974,2,0.1,0.05263157894736842,1,0.05,0.02564102564102564
O=C(Nc1ccc2[nH]nc(-c3ccncc3)c2c1)C1CCN(CC(=O)N2CCN(c3ccc(-c4ncccn4)cc3)CC2)C1,268,0.08678486353579414,0.015874846559982343,1,0.05,0.02564102564102564,2,0.1,0.05263157894736842
O=C(Nc1cccc(C(F)(F)F)c1)Nc1cc(S(=O)(=O)NC2CC2)ccc1-c1ccsc1,268,0.05221168706403241,0.09773778449135218,3,0.15,0.08108108108108109,4,0.2,0.1111111111111111
O=C(Nc1cccc(NC(=O)c2cccc(O)c2O)c1)c1cccc(O)c1O,268,0.14744206373005278,-0.0265135622584625,4,0.2,0.1111111111111111,1,0.05,0.02564102564102564
O=C(Nc1cccc(Nc2ncc(Br)c(NCCc3c[nH]cn3)n2)c1)N1CCCC1,268,0.10377688434316448,-0.14256377774466708,1,0.05,0.02564102564102564,1,0.05,0.02564102564102564
O=C(Nc1cccnc1)c1cc(-c2ccnc(F)c2)ccc1OCc1ccccc1,268,-0.18123035048224895,-0.026850834171317922,0,0.0,0.0,0,0.0,0.0
O=C(O)CCCCC(CCSCc1ccccc1)SCc1ccccc1,268,0.16960163885472182,0.18149405846586789,1,0.05,0.02564102564102564,4,0.2,0.1111111111111111
O=C(O)CCCCC1CCSS1,268,0.13220622587742129,0.09540805225782036,5,0.25,0.14285714285714285,0,0.0,0.0
O=C(O)CNC(=O)c1c(O)c2ccccc2n(Cc2ccccc2)c1=O,268,0.10966885633650382,0.17279668239147605,4,0.2,0.1111111111111111,4,0.2,0.1111111111111111
O=C(O)CSc1cc(NS(=O)(=O)c2ccc(Br)cc2)c2ccccc2c1O,268,0.10104379734509024,0.004623929348703623,1,0.05,0.02564102564102564,3,0.15,0.08108108108108109
O=C(O)c1ccc(-c2c[nH]c3ncc(-c4ccccc4)cc23)cc1C1CCCC1,268,0.03422094240380737,0.1273347975464559,2,0.1,0.05263157894736842,2,0.1,0.05263157894736842
O=C(O)c1cccnc1-c1ccccc1,268,0.2603807743788056,0.1642420702136533,3,0.15,0.08108108108108109,4,0.2,0.1111111111111111
O=C(c1cc(Cc2n[nH]c(=O)c3ccccc23)ccc1F)N1CCN(C(=O)C2CC2)CC1,268,0.06296698288765852,0.07444170900229231,2,0.1,0.05263157894736842,1,0.05,0.02564102564102564
O=C(c1ccc(C(=O)N2CCC(N3CCCC3)CC2)c(Nc2ccccc2)c1)N1CCC(N2CCCC2)CC1,268,0.1711676777550782,0.14168849167137867,3,0.15,0.08108108108108109,2,0.1,0.05263157894736842
O=C1C(=Cc2cccs2)CCC1=Cc1cccs1,268,0.16711729768516753,0.2427148331688535,3,0.15,0.08108108108108109,5,0.25,0.14285714285714285
O=C1N=C(NCc2cccs2)SC1=Cc1ccc2ncccc2c1,268,0.23271761987024067,0.08189348566469684,3,0.15,0.08108108108108109,2,0.1,0.05263157894736842
O=C1NC(=O)C(=Cc2ccc3nccc(-c4ccncc4)c3c2)S1,268,0.1782597392719789,-0.1709694292000172,3,0.15,0.08108108108108109,0,0.0,0.0
O=C1NC(=O)C(=Cc2ccc3nccnc3c2)S1,268,0.1991830663315975,-0.08587030180537103,1,0.05,0.02564102564102564,4,0.2,0.1111111111111111
O=C1NC(=O)c2c1c(-c1ccccc1Cl)cc1[nH]c3ccc(O)cc3c21,268,0.10975052476641893,-0.14579061586100656,2,0.1,0.05263157894736842,2,0.1,0.05263157894736842
O=C1NCCSc2c1sc1ccc(O)cc21,268,0.08780291350565163,-0.009687372003438801,5,0.25,0.14285714285714285,0,0.0,0.0
O=C1NCCc2c1[nH]c1ccccc21,268,0.24927324448722513,0.15590129216911972,3,0.15,0.08108108108108109,1,0.05,0.02564102564102564
O=C1O[Pt]2(N[C@@H]3CCCC[C@H]3N2)OC1=O,268,0.11649409275413998,0.11324543482828121,4,0.2,0.1111111111111111,3,0.15,0.08108108108108109
O=C1c2c(O)ccc(O)c2C(=O)c2c(NCCNCCO)ccc(NCCNCCO)c21,268,0.128985621992373,-0.3101623580855174,1,0.05,0.02564102564102564,1,0.05,0.02564102564102564
O=P(O)(O)C(O)(Cn1ccnc1)P(=O)(O)O,268,0.2509932689004748,0.08420825574312972,4,0.2,0.1111111111111111,1,0.05,0.02564102564102564
O=P1(N(CCCl)CCCl)NCCCO1,268,0.05353209725151445,0.10613529404063594,3,0.15,0.08108108108108109,0,0.0,0.0
O=S(=O)(O)c1ccc2cc(N=Nc3cc(S(=O)(=O)O)c4cccnc4c3O)ccc2c1,268,-0.00023128998090454956,0.08513403908987703,2,0.1,0.05263157894736842,1,0.05,0.02564102564102564
O=S(=O)(c1ccccc1)N(CC(F)(F)F)c1ccc(C(O)(C(F)(F)F)C(F)(F)F)cc1,268,-0.009400597364042324,0.18368165022595967,2,0.1,0.05263157894736842,4,0.2,0.1111111111111111
O=[N+]([O-])c1cc(C(F)(F)F)cc([N+](=O)[O-])c1NNC(=S)Nc1ccc(F)cc1,268,-0.05841786431444963,0.038813077172925724,3,0.15,0.08108108108108109,1,0.05,0.02564102564102564
O=c1[nH]c2ccccc2n1C1CCN(Cc2ccc(-c3[nH]c4cc5ncnc5cc4nc3-c3ccccc3)cc2)CC1,268,0.08419391701115989,0.06320326025359606,3,0.15,0.08108108108108109,0,0.0,0.0
O=c1[nH]cc(F)c(=O)[nH]1,268,0.06112476754110072,-0.010951674109299788,1,0.05,0.02564102564102564,1,0.05,0.02564102564102564
O=c1cc(-c2cccc3c2Sc2ccccc2S3)oc(N2CCOCC2)c1,268,0.1056003969958486,-0.04572808652115555,2,0.1,0.05263157894736842,0,0.0,0.0
O=c1cc(N2CCOCC2)oc2c(-c3cccc4c3sc3ccccc34)cccc12,268,0.09280214357808717,0.01755310162358085,4,0.2,0.1111111111111111,2,0.1,0.05263157894736842
OCCCNc1cc(-c2ccnc(Nc3cccc(Cl)c3)n2)ccn1,268,-0.037929063175829635,0.0875036704036727,1,0.05,0.02564102564102564,2,0.1,0.05263157894736842
OC[C@H](Cc1ccccc1)Nc1nc(Oc2ccc3c(c2)CCC3)nc2c1ncn2Cc1ccc(-c2ccccc2)cc1,268,0.037693409233021224,0.1619971235256822,1,0.05,0.02564102564102564,2,0.1,0.05263157894736842
Oc1c(F)cc(-c2cnccc2-c2ccc(N3CCOCC3)cc2)cc1F,268,0.12573696406651425,0.03185006424375346,1,0.05,0.02564102564102564,1,0.05,0.02564102564102564
Oc1ccc2ccccc2c1SSc1c(O)ccc2ccccc12,268,-0.03103587363711911,0.19393883096941672,2,0.1,0.05263157894736842,0,0.0,0.0
Oc1cccc(-c2nc(N3CCOCC3)c3oc4ncccc4c3n2)c1,268,0.1870923981653904,-0.07483695926615615,2,0.1,0.05263157894736842,1,0.05,0.02564102564102564
Oc1nc(-c2ccc(C(F)(F)F)cc2)nc2c1CSCC2,268,0.15636948293909092,0.16048968639946334,6,0.3,0.17647058823529413,1,0.05,0.02564102564102564
S=C(NCc1ccc2c(c1)OCO2)N1CCN(c2ncnc3c2oc2ccccc23)CC1,268,0.21915317942678733,0.23497752871331073,3,0.15,0.08108108108108109,3,0.15,0.08108108108108109
c1cc(-c2cc(C3CCNCC3)[nH]n2)ccn1,268,-0.05483629843763929,-0.009286510931412856,3,0.15,0.08108108108108109,0,0.0,0.0
c1ccc(-c2nn3c(c2-c2ccnc4cc(OCCN5CCOCC5)ccc24)CCC3)nc1,268,0.16588915412079566,0.138379361701995,2,0.1,0.05263157894736842,1,0.05,0.02564102564102564
c1ccc(C2CC2NC2CCNCC2)cc1,268,0.012359986957988137,-0.07472723679543054,3,0.15,0.08108108108108109,3,0.15,0.08108108108108109
c1ccc2c(-c3cnn4cc(-c5ccc(N6CCNCC6)cc5)cnc34)ccnc2c1,268,0.10838086415173619,-0.024952510743139072,1,0.05,0.02564102564102564,1,0.05,0.02564102564102564
c1ccc2c(CCNc3ccc(Nc4ccncc4)cc3)c[nH]c2c1,268,-0.09539309010272141,-0.03203023352806993,2,0.1,0.05263157894736842,1,0.05,0.02564102564102564
c1cn2cc(-c3ccc4cn[nH]c4c3)nc(Nc3ccc(N4CCOCC4)cc3)c2n1,268,0.06218209316809296,-0.05245980946942327,2,0.1,0.05263157894736842,2,0.1,0.05263157894736842
