model,structure,pcc,n_seeds
Ridge,C=C1C(=O)OC2C1C(OC(=O)C=C(C)C)CC1=CC(CC3(C)OC23)OC1=O,0.6312347276782323,1
Ridge,C=C1C(=O)O[C@@H]2C3O[C@@]3(C)CCC=C(C)CC[C@@H]12,0.465371272604933,1
Ridge,CC(=O)Nc1cccc(-n2c(=O)n(C3CC3)c(=O)c3c(Nc4ccc(I)cc4F)n(C)c(=O)c(C)c32)c1,0.00790039086783388,1
Ridge,CC(=O)c1c(C)c2cnc(Nc3ccc(N4CCNCC4)cn3)nc2n(C2CCCC2)c1=O,0.36655074384554087,1
Ridge,CC(C)CC(=O)Nc1n[nH]c2c1CN(C(=O)C1CCN(C)CC1)C2(C)C,0.6126534524700816,1
Ridge,CC(C)C[C@@H](NC(=O)[C@@H](Cc1ccccc1)NC(=O)C1=CNC=CN1)B(O)O,0.39566677143437934,1
Ridge,CC(C)Nc1cc(-c2c[nH]c(C(=O)NC(CO)c3cccc(Cl)c3)c2)c(Cl)cn1,0.36164612346854885,1
Ridge,CC(c1ccc2nccn2c1)n1nnc2ncc(-c3cnn(C)c3)nc21,0.3944096736110136,1
Ridge,CCCC=CC=CC(=O)OC1C(=CC(=O)OC)CC2CC(C(C)O)OC(=O)CC(O)CC3CC(OC(C)=O)C(C)(C)C(O)(CC4CC(=CC(=O)OC)CC(C=CC(C)(C)C1(O)O2)O4)O3,0.30806930847149433,1
Ridge,CCCCC(C=O)NC(=O)C(CC(C)C)NC(=O)C(CC(C)C)NC(=O)OCc1ccccc1,0.45146693525954307,1
Ridge,CCCCCCCCc1ccc(CCC(N)(CO)CO)cc1.Cl,0.37145488536034926,1
Ridge,CCNC(=O)Nc1ncc(-c2cc(-c3c(C)cc(OC)cc3C)nc(-c3cnccn3)n2)s1,0.39129529158293724,1
Ridge,CN(C)CC=CC(=O)Nc1cccc(C(=O)Nc2cccc(Nc3nccc(-c4cccnc4)n3)c2)c1,0.32372243243725235,1
Ridge,CN1CCC(c2c(O)cc(O)c3c(=O)cc(-c4ccccc4Cl)oc23)C(O)C1,0.5383259400683211,1
Ridge,CNC(=O)CN1CCC(Oc2cc3c(Nc4cccc(Cl)c4F)ncnc3cc2OC)CC1,0.12347484016172192,1
Ridge,CNC(C)C(=O)NC(C(=O)N1CCCC1C(=O)NC1c2ccccc2CC1OCC#CC#CCOC1Cc2ccccc2C1NC(=O)C1CCCN1C(=O)C(NC(=O)C(C)NC)C1CCCCC1)C1CCCCC1,0.34375141318872326,1
Ridge,COC(=O)CNC(=O)C(=O)OC,0.3272775582363029,1
Ridge,COCCn1c2c([n+](Cc3cnccn3)c1C)C(=O)c1ccccc1C2=O.[Br-],0.2383622265251723,1
Ridge,COc1cc(/C=C/C(=O)N2CCC=CC2=O)cc(OC)c1OC,0.39518940402669867,1
Ridge,COc1cc([C@@H]2c3cc4c(cc3C(O[C@@H]3O[C@@H]5CO[C@@H](c6cccs6)OC5[C@H](O)[C@H]3O)C3COC(=O)[C@@H]32)OCO4)cc(OC)c1O,0.6939211831938975,1
Ridge,COc1cc2ncnc(Nc3cccc(Cl)c3F)c2cc1OC(=O)N1CCN(C)CC1C,0.31987071661131666,1
Ridge,COc1nc(N)nc2c1ncn2[C@@H]1O[C@H](CO)[C@@H](O)[C@@H]1O,0.6473934082368001,1
Ridge,CS(=O)(=O)c1ccc(-c2cnc(N)c(C(=O)Nc3ccccc3)n2)cc1,0.6085207122432278,1
Ridge,C[C@@]1(C(=O)Nc2ccc(F)nc2)CCCN1c1nc(Nc2cc(C3CC3)n[nH]2)c2cccn2n1,0.35655984365356364,1
Ridge,Cc1cc(N2CC(C)NC(C)C2)ncc1-c1ccc(-c2nc3c(ccn3C)c(=O)[nH]2)cc1,0.5093161399219425,1
Ridge,Cc1cc(Nc2cc(N3CCN(C)CC3)nc(Sc3ccc(NC(=O)C4CC4)cc3)n2)n[nH]1,0.5969255121651238,1
Ridge,Cc1cc(Nc2nc(N[C@@H](C)c3ccc(F)cc3)c(C#N)cc2F)n[nH]1,0.617361833957327,1
Ridge,Cc1ccc(C(=O)Nc2cccc(C(F)(F)F)c2)cc1Nc1nc(-c2cccnc2)nc2c1cnn2C,0.5342784647144014,1
Ridge,Cc1ccc(Nc2nccc(N(C)c3ccc4c(C)n(C)nc4c3)n2)cc1S(N)(=O)=O,0.26492363895793064,1
Ridge,Cc1ccc2nc(NC(=O)CSc3nc4c(c(=O)n3-c3ccccc3)SCC4)sc2c1,0.5933997497810671,1
Ridge,Cc1ncc(-c2ccnc(Nc3ccc(S(C)(=O)=O)cc3)n2)n1C(C)C,0.4073077074831966,1
Ridge,Cc1sc2c(c1C)C(c1ccc(Cl)cc1)=NC(CC(=O)OC(C)(C)C)c1nnc(C)n1-2,0.4200472126716187,1
Ridge,Cn1cncc1[C@](N)(c1ccc(Cl)cc1)c1ccc2c(c1)c(-c1cccc(Cl)c1)cc(=O)n2C,0.3983341138822852,1
Ridge,NC(=O)Nc1sc(-c2ccc(F)cc2)cc1C(N)=O,0.6112488854794889,1
Ridge,NCC(O)(c1ccc(Cl)cc1)c1ccc(-c2cn[nH]c2)cc1,0.5147045503412022,1
Ridge,NCCOc1cc(C(=O)Nc2cc(OCCN)c3ccccc3n2)nc(C(=O)Nc2cc(OCCN)c3ccccc3n2)c1,0.5508603891585967,1
Ridge,Nc1cccc(-c2cc3c(Oc4cccc(O)c4)ncnc3[nH]2)c1,0.40513831380963927,1
Ridge,O=C(CCCCCCNC(=O)c1cnc(N(c2ccccc2)c2ccccc2)nc1)NO,0.49896727483461556,1
Ridge,O=C(NCC(O)CN1CCc2ccccc2C1)c1ccnc(NC2CCC2)c1,0.5232293772544379,1
Ridge,O=C1NC(=O)C(=Cc2ccc3nccnc3c2)S1,0.3899609209743237,1
Ridge,Oc1c(F)cc(-c2cnccc2-c2ccc(N3CCOCC3)cc2)cc1F,0.5287543693106901,1
Random Forest,C=C1C(=O)OC2C1C(OC(=O)C=C(C)C)CC1=CC(CC3(C)OC23)OC1=O,0.5555276370577701,1
Random Forest,C=C1C(=O)O[C@@H]2C3O[C@@]3(C)CCC=C(C)CC[C@@H]12,0.5011914494832114,1
Random Forest,CC(=O)Nc1cccc(-n2c(=O)n(C3CC3)c(=O)c3c(Nc4ccc(I)cc4F)n(C)c(=O)c(C)c32)c1,0.1848868128690652,1
Random Forest,CC(=O)c1c(C)c2cnc(Nc3ccc(N4CCNCC4)cn3)nc2n(C2CCCC2)c1=O,0.35906206766788373,1
Random Forest,CC(C)CC(=O)Nc1n[nH]c2c1CN(C(=O)C1CCN(C)CC1)C2(C)C,0.6624488632252086,1
Random Forest,CC(C)C[C@@H](NC(=O)[C@@H](Cc1ccccc1)NC(=O)C1=CNC=CN1)B(O)O,0.4299185164942092,1
Random Forest,CC(C)Nc1cc(-c2c[nH]c(C(=O)NC(CO)c3cccc(Cl)c3)c2)c(Cl)cn1,0.5071906810269555,1
Random Forest,CC(c1ccc2nccn2c1)n1nnc2ncc(-c3cnn(C)c3)nc21,0.427291929022649,1
Random Forest,CCCC=CC=CC(=O)OC1C(=CC(=O)OC)CC2CC(C(C)O)OC(=O)CC(O)CC3CC(OC(C)=O)C(C)(C)C(O)(CC4CC(=CC(=O)OC)CC(C=CC(C)(C)C1(O)O2)O4)O3,0.3607104184804943,1
Random Forest,CCCCC(C=O)NC(=O)C(CC(C)C)NC(=O)C(CC(C)C)NC(=O)OCc1ccccc1,0.6704403325012811,1
Random Forest,CCCCCCCCc1ccc(CCC(N)(CO)CO)cc1.Cl,0.4002758880263855,1
Random Forest,CCNC(=O)Nc1ncc(-c2cc(-c3c(C)cc(OC)cc3C)nc(-c3cnccn3)n2)s1,0.3812279989606351,1
Random Forest,CN(C)CC=CC(=O)Nc1cccc(C(=O)Nc2cccc(Nc3nccc(-c4cccnc4)n3)c2)c1,0.4207012436685247,1
Random Forest,CN1CCC(c2c(O)cc(O)c3c(=O)cc(-c4ccccc4Cl)oc23)C(O)C1,0.5404062689878231,1
Random Forest,CNC(=O)CN1CCC(Oc2cc3c(Nc4cccc(Cl)c4F)ncnc3cc2OC)CC1,0.203772095038517,1
Random Forest,CNC(C)C(=O)NC(C(=O)N1CCCC1C(=O)NC1c2ccccc2CC1OCC#CC#CCOC1Cc2ccccc2C1NC(=O)C1CCCN1C(=O)C(NC(=O)C(C)NC)C1CCCCC1)C1CCCCC1,0.40717338711956236,1
Random Forest,COC(=O)CNC(=O)C(=O)OC,0.3246223423631078,1
Random Forest,COCCn1c2c([n+](Cc3cnccn3)c1C)C(=O)c1ccccc1C2=O.[Br-],0.205812894060188,1
Random Forest,COc1cc(/C=C/C(=O)N2CCC=CC2=O)cc(OC)c1OC,0.3055548924016487,1
Random Forest,COc1cc([C@@H]2c3cc4c(cc3C(O[C@@H]3O[C@@H]5CO[C@@H](c6cccs6)OC5[C@H](O)[C@H]3O)C3COC(=O)[C@@H]32)OCO4)cc(OC)c1O,0.7024130984989615,1
Random Forest,COc1cc2ncnc(Nc3cccc(Cl)c3F)c2cc1OC(=O)N1CCN(C)CC1C,0.3370976461190159,1
Random Forest,COc1nc(N)nc2c1ncn2[C@@H]1O[C@H](CO)[C@@H](O)[C@@H]1O,0.7937420701139472,1
Random Forest,CS(=O)(=O)c1ccc(-c2cnc(N)c(C(=O)Nc3ccccc3)n2)cc1,0.687501879981007,1
Random Forest,C[C@@]1(C(=O)Nc2ccc(F)nc2)CCCN1c1nc(Nc2cc(C3CC3)n[nH]2)c2cccn2n1,0.38282236988944646,1
Random Forest,Cc1cc(N2CC(C)NC(C)C2)ncc1-c1ccc(-c2nc3c(ccn3C)c(=O)[nH]2)cc1,0.5093131294275052,1
Random Forest,Cc1cc(Nc2cc(N3CCN(C)CC3)nc(Sc3ccc(NC(=O)C4CC4)cc3)n2)n[nH]1,0.4661072135114565,1
Random Forest,Cc1cc(Nc2nc(N[C@@H](C)c3ccc(F)cc3)c(C#N)cc2F)n[nH]1,0.6643880041422459,1
Random Forest,Cc1ccc(C(=O)Nc2cccc(C(F)(F)F)c2)cc1Nc1nc(-c2cccnc2)nc2c1cnn2C,0.7576822432148596,1
Random Forest,Cc1ccc(Nc2nccc(N(C)c3ccc4c(C)n(C)nc4c3)n2)cc1S(N)(=O)=O,0.3060290446928967,1
Random Forest,Cc1ccc2nc(NC(=O)CSc3nc4c(c(=O)n3-c3ccccc3)SCC4)sc2c1,0.6416408716041756,1
Random Forest,Cc1ncc(-c2ccnc(Nc3ccc(S(C)(=O)=O)cc3)n2)n1C(C)C,0.28071927555026005,1
Random Forest,Cc1sc2c(c1C)C(c1ccc(Cl)cc1)=NC(CC(=O)OC(C)(C)C)c1nnc(C)n1-2,0.43386107900397514,1
Random Forest,Cn1cncc1[C@](N)(c1ccc(Cl)cc1)c1ccc2c(c1)c(-c1cccc(Cl)c1)cc(=O)n2C,0.38591159039996026,1
Random Forest,NC(=O)Nc1sc(-c2ccc(F)cc2)cc1C(N)=O,0.6136106194555723,1
Random Forest,NCC(O)(c1ccc(Cl)cc1)c1ccc(-c2cn[nH]c2)cc1,0.5380153592348252,1
Random Forest,NCCOc1cc(C(=O)Nc2cc(OCCN)c3ccccc3n2)nc(C(=O)Nc2cc(OCCN)c3ccccc3n2)c1,0.5499210806641466,1
Random Forest,Nc1cccc(-c2cc3c(Oc4cccc(O)c4)ncnc3[nH]2)c1,0.45829419164377894,1
Random Forest,O=C(CCCCCCNC(=O)c1cnc(N(c2ccccc2)c2ccccc2)nc1)NO,0.6099581959953599,1
Random Forest,O=C(NCC(O)CN1CCc2ccccc2C1)c1ccnc(NC2CCC2)c1,0.511696336196794,1
Random Forest,O=C1NC(=O)C(=Cc2ccc3nccnc3c2)S1,0.39953517971182245,1
Random Forest,Oc1c(F)cc(-c2cnccc2-c2ccc(N3CCOCC3)cc2)cc1F,0.5717178475497762,1
XGBoost,C=C1C(=O)OC2C1C(OC(=O)C=C(C)C)CC1=CC(CC3(C)OC23)OC1=O,0.6235654913277574,1
XGBoost,C=C1C(=O)O[C@@H]2C3O[C@@]3(C)CCC=C(C)CC[C@@H]12,0.4355994714700392,1
XGBoost,CC(=O)Nc1cccc(-n2c(=O)n(C3CC3)c(=O)c3c(Nc4ccc(I)cc4F)n(C)c(=O)c(C)c32)c1,0.035479801343861,1
XGBoost,CC(=O)c1c(C)c2cnc(Nc3ccc(N4CCNCC4)cn3)nc2n(C2CCCC2)c1=O,0.3238177505222405,1
XGBoost,CC(C)CC(=O)Nc1n[nH]c2c1CN(C(=O)C1CCN(C)CC1)C2(C)C,0.6533981771220269,1
XGBoost,CC(C)C[C@@H](NC(=O)[C@@H](Cc1ccccc1)NC(=O)C1=CNC=CN1)B(O)O,0.3800874975416119,1
XGBoost,CC(C)Nc1cc(-c2c[nH]c(C(=O)NC(CO)c3cccc(Cl)c3)c2)c(Cl)cn1,0.4184852665337539,1
XGBoost,CC(c1ccc2nccn2c1)n1nnc2ncc(-c3cnn(C)c3)nc21,0.3985850463822516,1
XGBoost,CCCC=CC=CC(=O)OC1C(=CC(=O)OC)CC2CC(C(C)O)OC(=O)CC(O)CC3CC(OC(C)=O)C(C)(C)C(O)(CC4CC(=CC(=O)OC)CC(C=CC(C)(C)C1(O)O2)O4)O3,0.3275935786517815,1
XGBoost,CCCCC(C=O)NC(=O)C(CC(C)C)NC(=O)C(CC(C)C)NC(=O)OCc1ccccc1,0.4149302317530642,1
XGBoost,CCCCCCCCc1ccc(CCC(N)(CO)CO)cc1.Cl,0.385566839846426,1
XGBoost,CCNC(=O)Nc1ncc(-c2cc(-c3c(C)cc(OC)cc3C)nc(-c3cnccn3)n2)s1,0.3430022366210649,1
XGBoost,CN(C)CC=CC(=O)Nc1cccc(C(=O)Nc2cccc(Nc3nccc(-c4cccnc4)n3)c2)c1,0.2758104214055834,1
XGBoost,CN1CCC(c2c(O)cc(O)c3c(=O)cc(-c4ccccc4Cl)oc23)C(O)C1,0.5088808499372278,1
XGBoost,CNC(=O)CN1CCC(Oc2cc3c(Nc4cccc(Cl)c4F)ncnc3cc2OC)CC1,0.0555763292746687,1
XGBoost,CNC(C)C(=O)NC(C(=O)N1CCCC1C(=O)NC1c2ccccc2CC1OCC#CC#CCOC1Cc2ccccc2C1NC(=O)C1CCCN1C(=O)C(NC(=O)C(C)NC)C1CCCCC1)C1CCCCC1,0.3549377230775357,1
XGBoost,COC(=O)CNC(=O)C(=O)OC,0.3290584791880288,1
XGBoost,COCCn1c2c([n+](Cc3cnccn3)c1C)C(=O)c1ccccc1C2=O.[Br-],0.2280431213467323,1
XGBoost,COc1cc(/C=C/C(=O)N2CCC=CC2=O)cc(OC)c1OC,0.3126161146060923,1
XGBoost,COc1cc([C@@H]2c3cc4c(cc3C(O[C@@H]3O[C@@H]5CO[C@@H](c6cccs6)OC5[C@H](O)[C@H]3O)C3COC(=O)[C@@H]32)OCO4)cc(OC)c1O,0.7260671832455556,1
XGBoost,COc1cc2ncnc(Nc3cccc(Cl)c3F)c2cc1OC(=O)N1CCN(C)CC1C,0.2653022175099077,1
XGBoost,COc1nc(N)nc2c1ncn2[C@@H]1O[C@H](CO)[C@@H](O)[C@@H]1O,0.7476871551685836,1
XGBoost,CS(=O)(=O)c1ccc(-c2cnc(N)c(C(=O)Nc3ccccc3)n2)cc1,0.664354764713147,1
XGBoost,C[C@@]1(C(=O)Nc2ccc(F)nc2)CCCN1c1nc(Nc2cc(C3CC3)n[nH]2)c2cccn2n1,0.3229423933944729,1
XGBoost,Cc1cc(N2CC(C)NC(C)C2)ncc1-c1ccc(-c2nc3c(ccn3C)c(=O)[nH]2)cc1,0.4803463627937717,1
XGBoost,Cc1cc(Nc2cc(N3CCN(C)CC3)nc(Sc3ccc(NC(=O)C4CC4)cc3)n2)n[nH]1,0.560836901645568,1
XGBoost,Cc1cc(Nc2nc(N[C@@H](C)c3ccc(F)cc3)c(C#N)cc2F)n[nH]1,0.6384231966179348,1
XGBoost,Cc1ccc(C(=O)Nc2cccc(C(F)(F)F)c2)cc1Nc1nc(-c2cccnc2)nc2c1cnn2C,0.6089569179575246,1
XGBoost,Cc1ccc(Nc2nccc(N(C)c3ccc4c(C)n(C)nc4c3)n2)cc1S(N)(=O)=O,0.2268832892186426,1
XGBoost,Cc1ccc2nc(NC(=O)CSc3nc4c(c(=O)n3-c3ccccc3)SCC4)sc2c1,0.6679732862516926,1
XGBoost,Cc1ncc(-c2ccnc(Nc3ccc(S(C)(=O)=O)cc3)n2)n1C(C)C,0.2080633246294815,1
XGBoost,Cc1sc2c(c1C)C(c1ccc(Cl)cc1)=NC(CC(=O)OC(C)(C)C)c1nnc(C)n1-2,0.4395178792752671,1
XGBoost,Cn1cncc1[C@](N)(c1ccc(Cl)cc1)c1ccc2c(c1)c(-c1cccc(Cl)c1)cc(=O)n2C,0.3401167250230034,1
XGBoost,NC(=O)Nc1sc(-c2ccc(F)cc2)cc1C(N)=O,0.6150384780929173,1
XGBoost,NCC(O)(c1ccc(Cl)cc1)c1ccc(-c2cn[nH]c2)cc1,0.5038656622154558,1
XGBoost,NCCOc1cc(C(=O)Nc2cc(OCCN)c3ccccc3n2)nc(C(=O)Nc2cc(OCCN)c3ccccc3n2)c1,0.590807907206146,1
XGBoost,Nc1cccc(-c2cc3c(Oc4cccc(O)c4)ncnc3[nH]2)c1,0.3243004868339283,1
XGBoost,O=C(CCCCCCNC(=O)c1cnc(N(c2ccccc2)c2ccccc2)nc1)NO,0.5327699215126603,1
XGBoost,O=C(NCC(O)CN1CCc2ccccc2C1)c1ccnc(NC2CCC2)c1,0.5405556750539905,1
XGBoost,O=C1NC(=O)C(=Cc2ccc3nccnc3c2)S1,0.4171382794818953,1
XGBoost,Oc1c(F)cc(-c2cnccc2-c2ccc(N3CCOCC3)cc2)cc1F,0.5767205354876843,1
Global MLP,C=C1C(=O)OC2C1C(OC(=O)C=C(C)C)CC1=CC(CC3(C)OC23)OC1=O,0.7106302686005418,1
Global MLP,C=C1C(=O)O[C@@H]2C3O[C@@]3(C)CCC=C(C)CC[C@@H]12,0.4002935047070317,1
Global MLP,CC(=O)Nc1cccc(-n2c(=O)n(C3CC3)c(=O)c3c(Nc4ccc(I)cc4F)n(C)c(=O)c(C)c32)c1,0.5014829767287945,1
Global MLP,CC(=O)c1c(C)c2cnc(Nc3ccc(N4CCNCC4)cn3)nc2n(C2CCCC2)c1=O,0.3257528293402513,1
Global MLP,CC(C)CC(=O)Nc1n[nH]c2c1CN(C(=O)C1CCN(C)CC1)C2(C)C,0.6013128020513789,1
Global MLP,CC(C)C[C@@H](NC(=O)[C@@H](Cc1ccccc1)NC(=O)C1=CNC=CN1)B(O)O,0.4461778590498335,1
Global MLP,CC(C)Nc1cc(-c2c[nH]c(C(=O)NC(CO)c3cccc(Cl)c3)c2)c(Cl)cn1,0.4683831920063679,1
Global MLP,CC(c1ccc2nccn2c1)n1nnc2ncc(-c3cnn(C)c3)nc21,0.3817374219812395,1
Global MLP,CCCC=CC=CC(=O)OC1C(=CC(=O)OC)CC2CC(C(C)O)OC(=O)CC(O)CC3CC(OC(C)=O)C(C)(C)C(O)(CC4CC(=CC(=O)OC)CC(C=CC(C)(C)C1(O)O2)O4)O3,0.2440926197968846,1
Global MLP,CCCCC(C=O)NC(=O)C(CC(C)C)NC(=O)C(CC(C)C)NC(=O)OCc1ccccc1,0.681301761707225,1
Global MLP,CCCCCCCCc1ccc(CCC(N)(CO)CO)cc1.Cl,0.3809739126724881,1
Global MLP,CCNC(=O)Nc1ncc(-c2cc(-c3c(C)cc(OC)cc3C)nc(-c3cnccn3)n2)s1,0.3928021499025661,1
Global MLP,CN(C)CC=CC(=O)Nc1cccc(C(=O)Nc2cccc(Nc3nccc(-c4cccnc4)n3)c2)c1,0.4884547290401367,1
Global MLP,CN1CCC(c2c(O)cc(O)c3c(=O)cc(-c4ccccc4Cl)oc23)C(O)C1,0.3793399782711598,1
Global MLP,CNC(=O)CN1CCC(Oc2cc3c(Nc4cccc(Cl)c4F)ncnc3cc2OC)CC1,0.366469387411326,1
Global MLP,CNC(C)C(=O)NC(C(=O)N1CCCC1C(=O)NC1c2ccccc2CC1OCC#CC#CCOC1Cc2ccccc2C1NC(=O)C1CCCN1C(=O)C(NC(=O)C(C)NC)C1CCCCC1)C1CCCCC1,0.4064262221937188,1
Global MLP,COC(=O)CNC(=O)C(=O)OC,0.205149762252017,1
Global MLP,COCCn1c2c([n+](Cc3cnccn3)c1C)C(=O)c1ccccc1C2=O.[Br-],0.193355629325444,1
Global MLP,COc1cc(/C=C/C(=O)N2CCC=CC2=O)cc(OC)c1OC,0.3317755876608289,1
Global MLP,COc1cc([C@@H]2c3cc4c(cc3C(O[C@@H]3O[C@@H]5CO[C@@H](c6cccs6)OC5[C@H](O)[C@H]3O)C3COC(=O)[C@@H]32)OCO4)cc(OC)c1O,0.5585662672733839,1
Global MLP,COc1cc2ncnc(Nc3cccc(Cl)c3F)c2cc1OC(=O)N1CCN(C)CC1C,0.3635413786354858,1
Global MLP,COc1nc(N)nc2c1ncn2[C@@H]1O[C@H](CO)[C@@H](O)[C@@H]1O,0.7979028913043722,1
Global MLP,CS(=O)(=O)c1ccc(-c2cnc(N)c(C(=O)Nc3ccccc3)n2)cc1,0.7294514069744533,1
Global MLP,C[C@@]1(C(=O)Nc2ccc(F)nc2)CCCN1c1nc(Nc2cc(C3CC3)n[nH]2)c2cccn2n1,0.2576738991001603,1
Global MLP,Cc1cc(N2CC(C)NC(C)C2)ncc1-c1ccc(-c2nc3c(ccn3C)c(=O)[nH]2)cc1,0.53480110844767,1
Global MLP,Cc1cc(Nc2cc(N3CCN(C)CC3)nc(Sc3ccc(NC(=O)C4CC4)cc3)n2)n[nH]1,0.5375848062965578,1
Global MLP,Cc1cc(Nc2nc(N[C@@H](C)c3ccc(F)cc3)c(C#N)cc2F)n[nH]1,0.5326268798173958,1
Global MLP,Cc1ccc(C(=O)Nc2cccc(C(F)(F)F)c2)cc1Nc1nc(-c2cccnc2)nc2c1cnn2C,0.7096506912104225,1
Global MLP,Cc1ccc(Nc2nccc(N(C)c3ccc4c(C)n(C)nc4c3)n2)cc1S(N)(=O)=O,0.3709638348817613,1
Global MLP,Cc1ccc2nc(NC(=O)CSc3nc4c(c(=O)n3-c3ccccc3)SCC4)sc2c1,0.5222891630977501,1
Global MLP,Cc1ncc(-c2ccnc(Nc3ccc(S(C)(=O)=O)cc3)n2)n1C(C)C,0.4533386536046619,1
Global MLP,Cc1sc2c(c1C)C(c1ccc(Cl)cc1)=NC(CC(=O)OC(C)(C)C)c1nnc(C)n1-2,0.4155849523054255,1
Global MLP,Cn1cncc1[C@](N)(c1ccc(Cl)cc1)c1ccc2c(c1)c(-c1cccc(Cl)c1)cc(=O)n2C,0.3305748781869209,1
Global MLP,NC(=O)Nc1sc(-c2ccc(F)cc2)cc1C(N)=O,0.5929700505714395,1
Global MLP,NCC(O)(c1ccc(Cl)cc1)c1ccc(-c2cn[nH]c2)cc1,0.5257741924447671,1
Global MLP,NCCOc1cc(C(=O)Nc2cc(OCCN)c3ccccc3n2)nc(C(=O)Nc2cc(OCCN)c3ccccc3n2)c1,0.5432166165979051,1
Global MLP,Nc1cccc(-c2cc3c(Oc4cccc(O)c4)ncnc3[nH]2)c1,0.3076014527730556,1
Global MLP,O=C(CCCCCCNC(=O)c1cnc(N(c2ccccc2)c2ccccc2)nc1)NO,0.5448218887707157,1
Global MLP,O=C(NCC(O)CN1CCc2ccccc2C1)c1ccnc(NC2CCC2)c1,0.4472460224064007,1
Global MLP,O=C1NC(=O)C(=Cc2ccc3nccnc3c2)S1,0.3081723744739975,1
Global MLP,Oc1c(F)cc(-c2cnccc2-c2ccc(N3CCOCC3)cc2)cc1F,0.5337109636264988,1
CSG2A,C=C1C(=O)OC2C1C(OC(=O)C=C(C)C)CC1=CC(CC3(C)OC23)OC1=O,0.5602369974719232,1
CSG2A,C=C1C(=O)O[C@@H]2C3O[C@@]3(C)CCC=C(C)CC[C@@H]12,0.4691738829188956,1
CSG2A,CC(=O)Nc1cccc(-n2c(=O)n(C3CC3)c(=O)c3c(Nc4ccc(I)cc4F)n(C)c(=O)c(C)c32)c1,0.822005729245138,1
CSG2A,CC(=O)c1c(C)c2cnc(Nc3ccc(N4CCNCC4)cn3)nc2n(C2CCCC2)c1=O,0.2574153021039113,1
CSG2A,CC(C)CC(=O)Nc1n[nH]c2c1CN(C(=O)C1CCN(C)CC1)C2(C)C,0.5036175732053996,1
CSG2A,CC(C)C[C@@H](NC(=O)[C@@H](Cc1ccccc1)NC(=O)C1=CNC=CN1)B(O)O,0.4449104370360948,1
CSG2A,CC(C)Nc1cc(-c2c[nH]c(C(=O)NC(CO)c3cccc(Cl)c3)c2)c(Cl)cn1,0.6244865793315907,1
CSG2A,CC(c1ccc2nccn2c1)n1nnc2ncc(-c3cnn(C)c3)nc21,0.280650863011907,1
CSG2A,CCCC=CC=CC(=O)OC1C(=CC(=O)OC)CC2CC(C(C)O)OC(=O)CC(O)CC3CC(OC(C)=O)C(C)(C)C(O)(CC4CC(=CC(=O)OC)CC(C=CC(C)(C)C1(O)O2)O4)O3,0.3439585848852968,1
CSG2A,CCCCC(C=O)NC(=O)C(CC(C)C)NC(=O)C(CC(C)C)NC(=O)OCc1ccccc1,0.6551693919198067,1
CSG2A,CCCCCCCCc1ccc(CCC(N)(CO)CO)cc1.Cl,0.3568597551905765,1
CSG2A,CCNC(=O)Nc1ncc(-c2cc(-c3c(C)cc(OC)cc3C)nc(-c3cnccn3)n2)s1,0.4040463422318758,1
CSG2A,CN(C)CC=CC(=O)Nc1cccc(C(=O)Nc2cccc(Nc3nccc(-c4cccnc4)n3)c2)c1,0.3903343450478961,1
CSG2A,CN1CCC(c2c(O)cc(O)c3c(=O)cc(-c4ccccc4Cl)oc23)C(O)C1,0.4595526088574361,1
CSG2A,CNC(=O)CN1CCC(Oc2cc3c(Nc4cccc(Cl)c4F)ncnc3cc2OC)CC1,0.2502317089670484,1
CSG2A,CNC(C)C(=O)NC(C(=O)N1CCCC1C(=O)NC1c2ccccc2CC1OCC#CC#CCOC1Cc2ccccc2C1NC(=O)C1CCCN1C(=O)C(NC(=O)C(C)NC)C1CCCCC1)C1CCCCC1,0.2832669348396057,1
CSG2A,COC(=O)CNC(=O)C(=O)OC,0.3360884170258303,1
CSG2A,COCCn1c2c([n+](Cc3cnccn3)c1C)C(=O)c1ccccc1C2=O.[Br-],0.2342591981385307,1
CSG2A,COc1cc(/C=C/C(=O)N2CCC=CC2=O)cc(OC)c1OC,0.3317484388383277,1
CSG2A,COc1cc([C@@H]2c3cc4c(cc3C(O[C@@H]3O[C@@H]5CO[C@@H](c6cccs6)OC5[C@H](O)[C@H]3O)C3COC(=O)[C@@H]32)OCO4)cc(OC)c1O,0.6733891943267117,1
CSG2A,COc1cc2ncnc(Nc3cccc(Cl)c3F)c2cc1OC(=O)N1CCN(C)CC1C,0.4039153395930219,1
CSG2A,COc1nc(N)nc2c1ncn2[C@@H]1O[C@H](CO)[C@@H](O)[C@@H]1O,0.7271166415622043,1
CSG2A,CS(=O)(=O)c1ccc(-c2cnc(N)c(C(=O)Nc3ccccc3)n2)cc1,0.5138873371047505,1
CSG2A,C[C@@]1(C(=O)Nc2ccc(F)nc2)CCCN1c1nc(Nc2cc(C3CC3)n[nH]2)c2cccn2n1,0.4022530727725211,1
CSG2A,Cc1cc(N2CC(C)NC(C)C2)ncc1-c1ccc(-c2nc3c(ccn3C)c(=O)[nH]2)cc1,0.5377287474507847,1
CSG2A,Cc1cc(Nc2cc(N3CCN(C)CC3)nc(Sc3ccc(NC(=O)C4CC4)cc3)n2)n[nH]1,0.5158449857891855,1
CSG2A,Cc1cc(Nc2nc(N[C@@H](C)c3ccc(F)cc3)c(C#N)cc2F)n[nH]1,0.4181062102233839,1
CSG2A,Cc1ccc(C(=O)Nc2cccc(C(F)(F)F)c2)cc1Nc1nc(-c2cccnc2)nc2c1cnn2C,0.6298356227866961,1
CSG2A,Cc1ccc(Nc2nccc(N(C)c3ccc4c(C)n(C)nc4c3)n2)cc1S(N)(=O)=O,0.4951241300261581,1
CSG2A,Cc1ccc2nc(NC(=O)CSc3nc4c(c(=O)n3-c3ccccc3)SCC4)sc2c1,0.6174838936867909,1
CSG2A,Cc1ncc(-c2ccnc(Nc3ccc(S(C)(=O)=O)cc3)n2)n1C(C)C,0.4890415678662423,1
CSG2A,Cc1sc2c(c1C)C(c1ccc(Cl)cc1)=NC(CC(=O)OC(C)(C)C)c1nnc(C)n1-2,0.4649823286239844,1
CSG2A,Cn1cncc1[C@](N)(c1ccc(Cl)cc1)c1ccc2c(c1)c(-c1cccc(Cl)c1)cc(=O)n2C,0.3406439761497262,1
CSG2A,NC(=O)Nc1sc(-c2ccc(F)cc2)cc1C(N)=O,0.6747313356284208,1
CSG2A,NCC(O)(c1ccc(Cl)cc1)c1ccc(-c2cn[nH]c2)cc1,0.3611564827352651,1
CSG2A,NCCOc1cc(C(=O)Nc2cc(OCCN)c3ccccc3n2)nc(C(=O)Nc2cc(OCCN)c3ccccc3n2)c1,0.5138983701863665,1
CSG2A,Nc1cccc(-c2cc3c(Oc4cccc(O)c4)ncnc3[nH]2)c1,0.4606169381623738,1
CSG2A,O=C(CCCCCCNC(=O)c1cnc(N(c2ccccc2)c2ccccc2)nc1)NO,0.571845564441115,1
CSG2A,O=C(NCC(O)CN1CCc2ccccc2C1)c1ccnc(NC2CCC2)c1,0.5060906037875834,1
CSG2A,O=C1NC(=O)C(=Cc2ccc3nccnc3c2)S1,0.3885364842854127,1
CSG2A,Oc1c(F)cc(-c2cnccc2-c2ccc(N3CCOCC3)cc2)cc1F,0.4207060997016422,1
DRT scratch,C=C1C(=O)OC2C1C(OC(=O)C=C(C)C)CC1=CC(CC3(C)OC23)OC1=O,0.5318113997497546,3
DRT scratch,C=C1C(=O)O[C@@H]2C3O[C@@]3(C)CCC=C(C)CC[C@@H]12,0.3998682151461546,3
DRT scratch,CC(=O)Nc1cccc(-n2c(=O)n(C3CC3)c(=O)c3c(Nc4ccc(I)cc4F)n(C)c(=O)c(C)c32)c1,0.09412254126310837,3
DRT scratch,CC(=O)c1c(C)c2cnc(Nc3ccc(N4CCNCC4)cn3)nc2n(C2CCCC2)c1=O,0.31421451069686973,3
DRT scratch,CC(C)CC(=O)Nc1n[nH]c2c1CN(C(=O)C1CCN(C)CC1)C2(C)C,0.6802413211259054,3
DRT scratch,CC(C)C[C@@H](NC(=O)[C@@H](Cc1ccccc1)NC(=O)C1=CNC=CN1)B(O)O,0.39122379852265765,3
DRT scratch,CC(C)Nc1cc(-c2c[nH]c(C(=O)NC(CO)c3cccc(Cl)c3)c2)c(Cl)cn1,0.4019888295087903,3
DRT scratch,CC(c1ccc2nccn2c1)n1nnc2ncc(-c3cnn(C)c3)nc21,0.3896352777065539,3
DRT scratch,CCCC=CC=CC(=O)OC1C(=CC(=O)OC)CC2CC(C(C)O)OC(=O)CC(O)CC3CC(OC(C)=O)C(C)(C)C(O)(CC4CC(=CC(=O)OC)CC(C=CC(C)(C)C1(O)O2)O4)O3,0.2682421966483007,3
DRT scratch,CCCCC(C=O)NC(=O)C(CC(C)C)NC(=O)C(CC(C)C)NC(=O)OCc1ccccc1,0.3656279200591323,3
DRT scratch,CCCCCCCCc1ccc(CCC(N)(CO)CO)cc1.Cl,0.35742396400668675,3
DRT scratch,CCNC(=O)Nc1ncc(-c2cc(-c3c(C)cc(OC)cc3C)nc(-c3cnccn3)n2)s1,0.37858130414102836,3
DRT scratch,CN(C)CC=CC(=O)Nc1cccc(C(=O)Nc2cccc(Nc3nccc(-c4cccnc4)n3)c2)c1,0.3166110376755573,3
DRT scratch,CN1CCC(c2c(O)cc(O)c3c(=O)cc(-c4ccccc4Cl)oc23)C(O)C1,0.4778072214545573,3
DRT scratch,CNC(=O)CN1CCC(Oc2cc3c(Nc4cccc(Cl)c4F)ncnc3cc2OC)CC1,0.19177031053706747,3
DRT scratch,CNC(C)C(=O)NC(C(=O)N1CCCC1C(=O)NC1c2ccccc2CC1OCC#CC#CCOC1Cc2ccccc2C1NC(=O)C1CCCN1C(=O)C(NC(=O)C(C)NC)C1CCCCC1)C1CCCCC1,0.21430691403635072,3
DRT scratch,COC(=O)CNC(=O)C(=O)OC,0.267485167834973,3
DRT scratch,COCCn1c2c([n+](Cc3cnccn3)c1C)C(=O)c1ccccc1C2=O.[Br-],0.23659768688798968,3
DRT scratch,COc1cc(/C=C/C(=O)N2CCC=CC2=O)cc(OC)c1OC,0.3771488761769998,3
DRT scratch,COc1cc([C@@H]2c3cc4c(cc3C(O[C@@H]3O[C@@H]5CO[C@@H](c6cccs6)OC5[C@H](O)[C@H]3O)C3COC(=O)[C@@H]32)OCO4)cc(OC)c1O,0.6412102647884789,3
DRT scratch,COc1cc2ncnc(Nc3cccc(Cl)c3F)c2cc1OC(=O)N1CCN(C)CC1C,0.3155292402623942,3
DRT scratch,COc1nc(N)nc2c1ncn2[C@@H]1O[C@H](CO)[C@@H](O)[C@@H]1O,0.6759894503030802,3
DRT scratch,CS(=O)(=O)c1ccc(-c2cnc(N)c(C(=O)Nc3ccccc3)n2)cc1,0.6225358685555821,3
DRT scratch,C[C@@]1(C(=O)Nc2ccc(F)nc2)CCCN1c1nc(Nc2cc(C3CC3)n[nH]2)c2cccn2n1,0.3461711700289822,3
DRT scratch,Cc1cc(N2CC(C)NC(C)C2)ncc1-c1ccc(-c2nc3c(ccn3C)c(=O)[nH]2)cc1,0.4896607885487012,3
DRT scratch,Cc1cc(Nc2cc(N3CCN(C)CC3)nc(Sc3ccc(NC(=O)C4CC4)cc3)n2)n[nH]1,0.5985580630238291,3
DRT scratch,Cc1cc(Nc2nc(N[C@@H](C)c3ccc(F)cc3)c(C#N)cc2F)n[nH]1,0.5786810467782906,3
DRT scratch,Cc1ccc(C(=O)Nc2cccc(C(F)(F)F)c2)cc1Nc1nc(-c2cccnc2)nc2c1cnn2C,0.5915333606845276,3
DRT scratch,Cc1ccc(Nc2nccc(N(C)c3ccc4c(C)n(C)nc4c3)n2)cc1S(N)(=O)=O,0.28435898778571617,3
DRT scratch,Cc1ccc2nc(NC(=O)CSc3nc4c(c(=O)n3-c3ccccc3)SCC4)sc2c1,0.651907497984711,3
DRT scratch,Cc1ncc(-c2ccnc(Nc3ccc(S(C)(=O)=O)cc3)n2)n1C(C)C,0.3973766855164828,3
DRT scratch,Cc1sc2c(c1C)C(c1ccc(Cl)cc1)=NC(CC(=O)OC(C)(C)C)c1nnc(C)n1-2,0.4333093727774971,3
DRT scratch,Cn1cncc1[C@](N)(c1ccc(Cl)cc1)c1ccc2c(c1)c(-c1cccc(Cl)c1)cc(=O)n2C,0.3867661059543401,3
DRT scratch,NC(=O)Nc1sc(-c2ccc(F)cc2)cc1C(N)=O,0.6501843095061638,3
DRT scratch,NCC(O)(c1ccc(Cl)cc1)c1ccc(-c2cn[nH]c2)cc1,0.5005472279370037,3
DRT scratch,NCCOc1cc(C(=O)Nc2cc(OCCN)c3ccccc3n2)nc(C(=O)Nc2cc(OCCN)c3ccccc3n2)c1,0.5235600786662066,3
DRT scratch,Nc1cccc(-c2cc3c(Oc4cccc(O)c4)ncnc3[nH]2)c1,0.3992410540774638,3
DRT scratch,O=C(CCCCCCNC(=O)c1cnc(N(c2ccccc2)c2ccccc2)nc1)NO,0.5910864834136328,3
DRT scratch,O=C(NCC(O)CN1CCc2ccccc2C1)c1ccnc(NC2CCC2)c1,0.524454986157444,3
DRT scratch,O=C1NC(=O)C(=Cc2ccc3nccnc3c2)S1,0.32583403684906315,3
DRT scratch,Oc1c(F)cc(-c2cnccc2-c2ccc(N3CCOCC3)cc2)cc1F,0.46192810157391456,3
DRT pretrained,C=C1C(=O)OC2C1C(OC(=O)C=C(C)C)CC1=CC(CC3(C)OC23)OC1=O,0.5991321431118063,3
DRT pretrained,C=C1C(=O)O[C@@H]2C3O[C@@]3(C)CCC=C(C)CC[C@@H]12,0.49134514463180895,3
DRT pretrained,CC(=O)Nc1cccc(-n2c(=O)n(C3CC3)c(=O)c3c(Nc4ccc(I)cc4F)n(C)c(=O)c(C)c32)c1,0.35087157725797824,3
DRT pretrained,CC(=O)c1c(C)c2cnc(Nc3ccc(N4CCNCC4)cn3)nc2n(C2CCCC2)c1=O,0.30794665687323136,3
DRT pretrained,CC(C)CC(=O)Nc1n[nH]c2c1CN(C(=O)C1CCN(C)CC1)C2(C)C,0.6367185891781283,3
DRT pretrained,CC(C)C[C@@H](NC(=O)[C@@H](Cc1ccccc1)NC(=O)C1=CNC=CN1)B(O)O,0.39069563693175186,3
DRT pretrained,CC(C)Nc1cc(-c2c[nH]c(C(=O)NC(CO)c3cccc(Cl)c3)c2)c(Cl)cn1,0.36790808948387527,3
DRT pretrained,CC(c1ccc2nccn2c1)n1nnc2ncc(-c3cnn(C)c3)nc21,0.3473996169349087,3
DRT pretrained,CCCC=CC=CC(=O)OC1C(=CC(=O)OC)CC2CC(C(C)O)OC(=O)CC(O)CC3CC(OC(C)=O)C(C)(C)C(O)(CC4CC(=CC(=O)OC)CC(C=CC(C)(C)C1(O)O2)O4)O3,0.31277073630248675,3
DRT pretrained,CCCCC(C=O)NC(=O)C(CC(C)C)NC(=O)C(CC(C)C)NC(=O)OCc1ccccc1,0.44959111098548926,3
DRT pretrained,CCCCCCCCc1ccc(CCC(N)(CO)CO)cc1.Cl,0.3592289060669705,3
DRT pretrained,CCNC(=O)Nc1ncc(-c2cc(-c3c(C)cc(OC)cc3C)nc(-c3cnccn3)n2)s1,0.40116667179966603,3
DRT pretrained,CN(C)CC=CC(=O)Nc1cccc(C(=O)Nc2cccc(Nc3nccc(-c4cccnc4)n3)c2)c1,0.3518111192047928,3
DRT pretrained,CN1CCC(c2c(O)cc(O)c3c(=O)cc(-c4ccccc4Cl)oc23)C(O)C1,0.5274461554885153,3
DRT pretrained,CNC(=O)CN1CCC(Oc2cc3c(Nc4cccc(Cl)c4F)ncnc3cc2OC)CC1,0.15885327502199328,3
DRT pretrained,CNC(C)C(=O)NC(C(=O)N1CCCC1C(=O)NC1c2ccccc2CC1OCC#CC#CCOC1Cc2ccccc2C1NC(=O)C1CCCN1C(=O)C(NC(=O)C(C)NC)C1CCCCC1)C1CCCCC1,0.3474326285637124,3
DRT pretrained,COC(=O)CNC(=O)C(=O)OC,0.2550840798258532,3
DRT pretrained,COCCn1c2c([n+](Cc3cnccn3)c1C)C(=O)c1ccccc1C2=O.[Br-],0.2278598821240685,3
DRT pretrained,COc1cc(/C=C/C(=O)N2CCC=CC2=O)cc(OC)c1OC,0.28647150751604195,3
DRT pretrained,COc1cc([C@@H]2c3cc4c(cc3C(O[C@@H]3O[C@@H]5CO[C@@H](c6cccs6)OC5[C@H](O)[C@H]3O)C3COC(=O)[C@@H]32)OCO4)cc(OC)c1O,0.6484909472190019,3
DRT pretrained,COc1cc2ncnc(Nc3cccc(Cl)c3F)c2cc1OC(=O)N1CCN(C)CC1C,0.3256493588833134,3
DRT pretrained,COc1nc(N)nc2c1ncn2[C@@H]1O[C@H](CO)[C@@H](O)[C@@H]1O,0.5605251018041358,3
DRT pretrained,CS(=O)(=O)c1ccc(-c2cnc(N)c(C(=O)Nc3ccccc3)n2)cc1,0.5223532550654982,3
DRT pretrained,C[C@@]1(C(=O)Nc2ccc(F)nc2)CCCN1c1nc(Nc2cc(C3CC3)n[nH]2)c2cccn2n1,0.3546711236001441,3
DRT pretrained,Cc1cc(N2CC(C)NC(C)C2)ncc1-c1ccc(-c2nc3c(ccn3C)c(=O)[nH]2)cc1,0.5043391094777743,3
DRT pretrained,Cc1cc(Nc2cc(N3CCN(C)CC3)nc(Sc3ccc(NC(=O)C4CC4)cc3)n2)n[nH]1,0.5979569169755776,3
DRT pretrained,Cc1cc(Nc2nc(N[C@@H](C)c3ccc(F)cc3)c(C#N)cc2F)n[nH]1,0.5240341565841551,3
DRT pretrained,Cc1ccc(C(=O)Nc2cccc(C(F)(F)F)c2)cc1Nc1nc(-c2cccnc2)nc2c1cnn2C,0.5567872699792394,3
DRT pretrained,Cc1ccc(Nc2nccc(N(C)c3ccc4c(C)n(C)nc4c3)n2)cc1S(N)(=O)=O,0.24794419175903992,3
DRT pretrained,Cc1ccc2nc(NC(=O)CSc3nc4c(c(=O)n3-c3ccccc3)SCC4)sc2c1,0.6182868444123726,3
DRT pretrained,Cc1ncc(-c2ccnc(Nc3ccc(S(C)(=O)=O)cc3)n2)n1C(C)C,0.47354441070312703,3
DRT pretrained,Cc1sc2c(c1C)C(c1ccc(Cl)cc1)=NC(CC(=O)OC(C)(C)C)c1nnc(C)n1-2,0.4222859893725757,3
DRT pretrained,Cn1cncc1[C@](N)(c1ccc(Cl)cc1)c1ccc2c(c1)c(-c1cccc(Cl)c1)cc(=O)n2C,0.3920024508373519,3
DRT pretrained,NC(=O)Nc1sc(-c2ccc(F)cc2)cc1C(N)=O,0.5654889136260385,3
DRT pretrained,NCC(O)(c1ccc(Cl)cc1)c1ccc(-c2cn[nH]c2)cc1,0.3575125777215747,3
DRT pretrained,NCCOc1cc(C(=O)Nc2cc(OCCN)c3ccccc3n2)nc(C(=O)Nc2cc(OCCN)c3ccccc3n2)c1,0.5763096356848355,3
DRT pretrained,Nc1cccc(-c2cc3c(Oc4cccc(O)c4)ncnc3[nH]2)c1,0.3361589782574284,3
DRT pretrained,O=C(CCCCCCNC(=O)c1cnc(N(c2ccccc2)c2ccccc2)nc1)NO,0.5504232844722564,3
DRT pretrained,O=C(NCC(O)CN1CCc2ccccc2C1)c1ccnc(NC2CCC2)c1,0.5272513096318112,3
DRT pretrained,O=C1NC(=O)C(=Cc2ccc3nccnc3c2)S1,0.12733613530602428,3
DRT pretrained,Oc1c(F)cc(-c2cnccc2-c2ccc(N3CCOCC3)cc2)cc1F,0.3308041164062127,3
